fact_id,topic,metric,value,unit,source_file,source_row/key,source_column,analysis_period,notes
agreement_TAVG,agreement,same_direction,51,stations,output/tables/common_period/common_period_nasa_kma_trend_consistency.csv,"[0, 1, 2, 3, 4, 5, 6, 7, 8, 9, 10, 11, 12, 13, 14, 15, 16, 17, 18, 19, 20, 21, 22, 23, 24, 25, 26, 27, 28, 29, 30, 31, 32, 33, 34, 35, 36, 37, 38, 39, 40, 41, 42, 43, 44, 45, 46, 47, 48, 49, 50]",same_direction,1991–2025,"{""operation"": ""true_count"", ""filters"": {""metric"": ""TAVG""}, ""scope"": ""saved estimates; unweighted station summary, not national area mean""}"
agreement_TMAX,agreement,same_direction,50,stations,output/tables/common_period/common_period_nasa_kma_trend_consistency.csv,"[51, 52, 53, 54, 55, 56, 57, 58, 59, 60, 61, 62, 63, 64, 65, 66, 67, 68, 69, 70, 71, 72, 73, 74, 75, 76, 77, 78, 79, 80, 81, 82, 83, 84, 85, 86, 87, 88, 89, 90, 91, 92, 93, 94, 95, 96, 97, 98, 99, 100, 101]",same_direction,1991–2025,"{""operation"": ""true_count"", ""filters"": {""metric"": ""TMAX""}, ""scope"": ""saved estimates; unweighted station summary, not national area mean""}"
agreement_TMIN,agreement,same_direction,51,stations,output/tables/common_period/common_period_nasa_kma_trend_consistency.csv,"[102, 103, 104, 105, 106, 107, 108, 109, 110, 111, 112, 113, 114, 115, 116, 117, 118, 119, 120, 121, 122, 123, 124, 125, 126, 127, 128, 129, 130, 131, 132, 133, 134, 135, 136, 137, 138, 139, 140, 141, 142, 143, 144, 145, 146, 147, 148, 149, 150, 151, 152]",same_direction,1991–2025,"{""operation"": ""true_count"", ""filters"": {""metric"": ""TMIN""}, ""scope"": ""saved estimates; unweighted station summary, not national area mean""}"
allweights_nasa_tavg_sen_slope_STATION_LINKED_stable,period_weights,period_robustness,5,weight configurations,output/tables/period_sensitivity/period_sensitivity_spatial_robustness_summary.csv,"[35, 36, 37, 38, 39]",period_robustness,all stored windows,"{""operation"": ""count_rows"", ""filters"": {""variable"": ""nasa_tavg_sen_slope"", ""representation"": ""STATION_LINKED"", ""period_robustness"": ""SPATIALLY_STABLE_POSITIVE""}, ""scope"": ""saved estimates; unweighted station summary, not national area mean""}"
allweights_nasa_tavg_sen_slope_STATION_LINKED_total,period_weights,period_robustness,5,weight configurations,output/tables/period_sensitivity/period_sensitivity_spatial_robustness_summary.csv,"[35, 36, 37, 38, 39]",period_robustness,all stored windows,"{""operation"": ""count_rows"", ""filters"": {""variable"": ""nasa_tavg_sen_slope"", ""representation"": ""STATION_LINKED""}, ""scope"": ""saved estimates; unweighted station summary, not national area mean""}"
allweights_nasa_tavg_sen_slope_UNIQUE_GRID_stable,period_weights,period_robustness,5,weight configurations,output/tables/period_sensitivity/period_sensitivity_spatial_robustness_summary.csv,"[40, 41, 42, 43, 44]",period_robustness,all stored windows,"{""operation"": ""count_rows"", ""filters"": {""variable"": ""nasa_tavg_sen_slope"", ""representation"": ""UNIQUE_GRID"", ""period_robustness"": ""SPATIALLY_STABLE_POSITIVE""}, ""scope"": ""saved estimates; unweighted station summary, not national area mean""}"
allweights_nasa_tavg_sen_slope_UNIQUE_GRID_total,period_weights,period_robustness,5,weight configurations,output/tables/period_sensitivity/period_sensitivity_spatial_robustness_summary.csv,"[40, 41, 42, 43, 44]",period_robustness,all stored windows,"{""operation"": ""count_rows"", ""filters"": {""variable"": ""nasa_tavg_sen_slope"", ""representation"": ""UNIQUE_GRID""}, ""scope"": ""saved estimates; unweighted station summary, not national area mean""}"
allweights_tavg_bias_STATION_LINKED_stable,period_weights,period_robustness,5,weight configurations,output/tables/period_sensitivity/period_sensitivity_spatial_robustness_summary.csv,"[45, 46, 47, 48, 49]",period_robustness,all stored windows,"{""operation"": ""count_rows"", ""filters"": {""variable"": ""tavg_bias"", ""representation"": ""STATION_LINKED"", ""period_robustness"": ""SPATIALLY_STABLE_POSITIVE""}, ""scope"": ""saved estimates; unweighted station summary, not national area mean""}"
allweights_tavg_bias_STATION_LINKED_total,period_weights,period_robustness,5,weight configurations,output/tables/period_sensitivity/period_sensitivity_spatial_robustness_summary.csv,"[45, 46, 47, 48, 49]",period_robustness,all stored windows,"{""operation"": ""count_rows"", ""filters"": {""variable"": ""tavg_bias"", ""representation"": ""STATION_LINKED""}, ""scope"": ""saved estimates; unweighted station summary, not national area mean""}"
allweights_tavg_rmse_STATION_LINKED_stable,period_weights,period_robustness,5,weight configurations,output/tables/period_sensitivity/period_sensitivity_spatial_robustness_summary.csv,"[50, 51, 52, 53, 54]",period_robustness,all stored windows,"{""operation"": ""count_rows"", ""filters"": {""variable"": ""tavg_rmse"", ""representation"": ""STATION_LINKED"", ""period_robustness"": ""SPATIALLY_STABLE_POSITIVE""}, ""scope"": ""saved estimates; unweighted station summary, not national area mean""}"
allweights_tavg_rmse_STATION_LINKED_total,period_weights,period_robustness,5,weight configurations,output/tables/period_sensitivity/period_sensitivity_spatial_robustness_summary.csv,"[50, 51, 52, 53, 54]",period_robustness,all stored windows,"{""operation"": ""count_rows"", ""filters"": {""variable"": ""tavg_rmse"", ""representation"": ""STATION_LINKED""}, ""scope"": ""saved estimates; unweighted station summary, not national area mean""}"
coast_group_kma_tavg_sen_slope_coastal_n,coastal,coastal_n,23,stations,output/tables/common_period_spatial/common_period_coastal_threshold_sensitivity.csv,[9],coastal_n,1991–2025,"{""operation"": ""cell"", ""filters"": {""variable"": ""kma_tavg_sen_slope"", ""threshold_km"": 30}, ""scope"": ""saved estimates; unweighted station summary, not national area mean""}"
coast_group_kma_tavg_sen_slope_fdr_q,coastal,fdr_q,0.0064550932062805,1,output/tables/common_period_spatial/common_period_coastal_threshold_sensitivity.csv,[9],fdr_q,1991–2025,"{""operation"": ""cell"", ""filters"": {""variable"": ""kma_tavg_sen_slope"", ""threshold_km"": 30}, ""scope"": ""saved estimates; unweighted station summary, not national area mean""}"
coast_group_kma_tavg_sen_slope_inland_n,coastal,inland_n,28,stations,output/tables/common_period_spatial/common_period_coastal_threshold_sensitivity.csv,[9],inland_n,1991–2025,"{""operation"": ""cell"", ""filters"": {""variable"": ""kma_tavg_sen_slope"", ""threshold_km"": 30}, ""scope"": ""saved estimates; unweighted station summary, not national area mean""}"
coast_group_kma_tavg_sen_slope_median_difference,coastal,median_difference,-0.068240087830926,°C/decade,output/tables/common_period_spatial/common_period_coastal_threshold_sensitivity.csv,[9],median_difference,1991–2025,"{""operation"": ""cell"", ""filters"": {""variable"": ""kma_tavg_sen_slope"", ""threshold_km"": 30}, ""scope"": ""saved estimates; unweighted station summary, not national area mean""}"
coast_group_tavg_bias_coastal_n,coastal,coastal_n,23,stations,output/tables/common_period_spatial/common_period_coastal_threshold_sensitivity.csv,[16],coastal_n,1991–2025,"{""operation"": ""cell"", ""filters"": {""variable"": ""tavg_bias"", ""threshold_km"": 30}, ""scope"": ""saved estimates; unweighted station summary, not national area mean""}"
coast_group_tavg_bias_fdr_q,coastal,fdr_q,1.380724265517819e-05,1,output/tables/common_period_spatial/common_period_coastal_threshold_sensitivity.csv,[16],fdr_q,1991–2025,"{""operation"": ""cell"", ""filters"": {""variable"": ""tavg_bias"", ""threshold_km"": 30}, ""scope"": ""saved estimates; unweighted station summary, not national area mean""}"
coast_group_tavg_bias_inland_n,coastal,inland_n,28,stations,output/tables/common_period_spatial/common_period_coastal_threshold_sensitivity.csv,[16],inland_n,1991–2025,"{""operation"": ""cell"", ""filters"": {""variable"": ""tavg_bias"", ""threshold_km"": 30}, ""scope"": ""saved estimates; unweighted station summary, not national area mean""}"
coast_group_tavg_bias_median_difference,coastal,median_difference,1.4660301403749991,°C,output/tables/common_period_spatial/common_period_coastal_threshold_sensitivity.csv,[16],median_difference,1991–2025,"{""operation"": ""cell"", ""filters"": {""variable"": ""tavg_bias"", ""threshold_km"": 30}, ""scope"": ""saved estimates; unweighted station summary, not national area mean""}"
coast_group_tavg_rmse_coastal_n,coastal,coastal_n,23,stations,output/tables/common_period_spatial/common_period_coastal_threshold_sensitivity.csv,[17],coastal_n,1991–2025,"{""operation"": ""cell"", ""filters"": {""variable"": ""tavg_rmse"", ""threshold_km"": 30}, ""scope"": ""saved estimates; unweighted station summary, not national area mean""}"
coast_group_tavg_rmse_fdr_q,coastal,fdr_q,0.0182022739079818,1,output/tables/common_period_spatial/common_period_coastal_threshold_sensitivity.csv,[17],fdr_q,1991–2025,"{""operation"": ""cell"", ""filters"": {""variable"": ""tavg_rmse"", ""threshold_km"": 30}, ""scope"": ""saved estimates; unweighted station summary, not national area mean""}"
coast_group_tavg_rmse_inland_n,coastal,inland_n,28,stations,output/tables/common_period_spatial/common_period_coastal_threshold_sensitivity.csv,[17],inland_n,1991–2025,"{""operation"": ""cell"", ""filters"": {""variable"": ""tavg_rmse"", ""threshold_km"": 30}, ""scope"": ""saved estimates; unweighted station summary, not national area mean""}"
coast_group_tavg_rmse_median_difference,coastal,median_difference,-0.4909893838098802,°C,output/tables/common_period_spatial/common_period_coastal_threshold_sensitivity.csv,[17],median_difference,1991–2025,"{""operation"": ""cell"", ""filters"": {""variable"": ""tavg_rmse"", ""threshold_km"": 30}, ""scope"": ""saved estimates; unweighted station summary, not national area mean""}"
coast_kma_tavg_sen_slope_spearman_p,coastal,spearman_p,0.004243630220948,1,output/tables/common_period_spatial/common_period_coastal_distance_associations.csv,[0],spearman_p,1991–2025,"{""operation"": ""cell"", ""filters"": {""variable"": ""kma_tavg_sen_slope""}, ""scope"": ""saved estimates; unweighted station summary, not national area mean""}"
coast_kma_tavg_sen_slope_spearman_rho,coastal,spearman_rho,0.3938461538461538,1,output/tables/common_period_spatial/common_period_coastal_distance_associations.csv,[0],spearman_rho,1991–2025,"{""operation"": ""cell"", ""filters"": {""variable"": ""kma_tavg_sen_slope""}, ""scope"": ""saved estimates; unweighted station summary, not national area mean""}"
coast_tavg_bias_spearman_p,coastal,spearman_p,4.526429095116329e-06,1,output/tables/common_period_spatial/common_period_coastal_distance_associations.csv,[7],spearman_p,1991–2025,"{""operation"": ""cell"", ""filters"": {""variable"": ""tavg_bias""}, ""scope"": ""saved estimates; unweighted station summary, not national area mean""}"
coast_tavg_bias_spearman_rho,coastal,spearman_rho,-0.5930316742081448,1,output/tables/common_period_spatial/common_period_coastal_distance_associations.csv,[7],spearman_rho,1991–2025,"{""operation"": ""cell"", ""filters"": {""variable"": ""tavg_bias""}, ""scope"": ""saved estimates; unweighted station summary, not national area mean""}"
coast_tavg_rmse_spearman_p,coastal,spearman_p,0.0067687530886034,1,output/tables/common_period_spatial/common_period_coastal_distance_associations.csv,[8],spearman_p,1991–2025,"{""operation"": ""cell"", ""filters"": {""variable"": ""tavg_rmse""}, ""scope"": ""saved estimates; unweighted station summary, not national area mean""}"
coast_tavg_rmse_spearman_rho,coastal,spearman_rho,0.3745701357466063,1,output/tables/common_period_spatial/common_period_coastal_distance_associations.csv,[8],spearman_rho,1991–2025,"{""operation"": ""cell"", ""filters"": {""variable"": ""tavg_rmse""}, ""scope"": ""saved estimates; unweighted station summary, not national area mean""}"
common_KMA_DJF,seasonal,sen_slope_per_decade,0.0311965811965812,°C/decade,output/tables/common_period/common_period_seasonal_temperature_trends.csv,"[0, 1, 2, 3, 4, 5, 6, 7, 8, 9, 10, 11, 12, 13, 14, 15, 16, 17, 18, 19, 20, 21, 22, 23, 24, 25, 26, 27, 28, 29, 30, 31, 32, 33, 34, 35, 36, 37, 38, 39, 40, 41, 42, 43, 44, 45, 46, 47, 48, 49, 50]",sen_slope_per_decade,1991–2025,"{""operation"": ""median"", ""filters"": {""source"": ""KMA"", ""metric"": ""TAVG"", ""season"": ""DJF""}, ""scope"": ""saved estimates; unweighted station summary, not national area mean""}"
common_KMA_JJA,seasonal,sen_slope_per_decade,0.5886287625418026,°C/decade,output/tables/common_period/common_period_seasonal_temperature_trends.csv,"[102, 103, 104, 105, 106, 107, 108, 109, 110, 111, 112, 113, 114, 115, 116, 117, 118, 119, 120, 121, 122, 123, 124, 125, 126, 127, 128, 129, 130, 131, 132, 133, 134, 135, 136, 137, 138, 139, 140, 141, 142, 143, 144, 145, 146, 147, 148, 149, 150, 151, 152]",sen_slope_per_decade,1991–2025,"{""operation"": ""median"", ""filters"": {""source"": ""KMA"", ""metric"": ""TAVG"", ""season"": ""JJA""}, ""scope"": ""saved estimates; unweighted station summary, not national area mean""}"
common_KMA_MAM,seasonal,sen_slope_per_decade,0.5425330812854428,°C/decade,output/tables/common_period/common_period_seasonal_temperature_trends.csv,"[204, 205, 206, 207, 208, 209, 210, 211, 212, 213, 214, 215, 216, 217, 218, 219, 220, 221, 222, 223, 224, 225, 226, 227, 228, 229, 230, 231, 232, 233, 234, 235, 236, 237, 238, 239, 240, 241, 242, 243, 244, 245, 246, 247, 248, 249, 250, 251, 252, 253, 254]",sen_slope_per_decade,1991–2025,"{""operation"": ""median"", ""filters"": {""source"": ""KMA"", ""metric"": ""TAVG"", ""season"": ""MAM""}, ""scope"": ""saved estimates; unweighted station summary, not national area mean""}"
common_KMA_SON,seasonal,sen_slope_per_decade,0.5067155067155009,°C/decade,output/tables/common_period/common_period_seasonal_temperature_trends.csv,"[306, 307, 308, 309, 310, 311, 312, 313, 314, 315, 316, 317, 318, 319, 320, 321, 322, 323, 324, 325, 326, 327, 328, 329, 330, 331, 332, 333, 334, 335, 336, 337, 338, 339, 340, 341, 342, 343, 344, 345, 346, 347, 348, 349, 350, 351, 352, 353, 354, 355, 356]",sen_slope_per_decade,1991–2025,"{""operation"": ""median"", ""filters"": {""source"": ""KMA"", ""metric"": ""TAVG"", ""season"": ""SON""}, ""scope"": ""saved estimates; unweighted station summary, not national area mean""}"
common_KMA_TAVG_fdr,temperature,significant_fdr,51,stations,output/tables/common_period/common_period_temperature_trends.csv,"[0, 1, 2, 3, 4, 5, 6, 7, 8, 9, 10, 11, 12, 13, 14, 15, 16, 17, 18, 19, 20, 21, 22, 23, 24, 25, 26, 27, 28, 29, 30, 31, 32, 33, 34, 35, 36, 37, 38, 39, 40, 41, 42, 43, 44, 45, 46, 47, 48, 49, 50]",significant_fdr,1991–2025,"{""operation"": ""true_count"", ""filters"": {""source"": ""KMA"", ""metric"": ""TAVG""}, ""scope"": ""saved estimates; unweighted station summary, not national area mean""}"
common_KMA_TAVG_median,temperature,sen_slope_per_decade,0.4508361404296733,°C/decade,output/tables/common_period/common_period_temperature_trends.csv,"[0, 1, 2, 3, 4, 5, 6, 7, 8, 9, 10, 11, 12, 13, 14, 15, 16, 17, 18, 19, 20, 21, 22, 23, 24, 25, 26, 27, 28, 29, 30, 31, 32, 33, 34, 35, 36, 37, 38, 39, 40, 41, 42, 43, 44, 45, 46, 47, 48, 49, 50]",sen_slope_per_decade,1991–2025,"{""operation"": ""median"", ""filters"": {""source"": ""KMA"", ""metric"": ""TAVG""}, ""scope"": ""saved estimates; unweighted station summary, not national area mean""}"
common_KMA_TAVG_positive,temperature,sen_slope_per_decade,51,stations,output/tables/common_period/common_period_temperature_trends.csv,"[0, 1, 2, 3, 4, 5, 6, 7, 8, 9, 10, 11, 12, 13, 14, 15, 16, 17, 18, 19, 20, 21, 22, 23, 24, 25, 26, 27, 28, 29, 30, 31, 32, 33, 34, 35, 36, 37, 38, 39, 40, 41, 42, 43, 44, 45, 46, 47, 48, 49, 50]",sen_slope_per_decade,1991–2025,"{""operation"": ""positive_count"", ""filters"": {""source"": ""KMA"", ""metric"": ""TAVG""}, ""scope"": ""saved estimates; unweighted station summary, not national area mean""}"
common_KMA_TMAX_fdr,temperature,significant_fdr,46,stations,output/tables/common_period/common_period_temperature_trends.csv,"[102, 103, 104, 105, 106, 107, 108, 109, 110, 111, 112, 113, 114, 115, 116, 117, 118, 119, 120, 121, 122, 123, 124, 125, 126, 127, 128, 129, 130, 131, 132, 133, 134, 135, 136, 137, 138, 139, 140, 141, 142, 143, 144, 145, 146, 147, 148, 149, 150, 151, 152]",significant_fdr,1991–2025,"{""operation"": ""true_count"", ""filters"": {""source"": ""KMA"", ""metric"": ""TMAX""}, ""scope"": ""saved estimates; unweighted station summary, not national area mean""}"
common_KMA_TMAX_median,temperature,sen_slope_per_decade,0.3740949119373761,°C/decade,output/tables/common_period/common_period_temperature_trends.csv,"[102, 103, 104, 105, 106, 107, 108, 109, 110, 111, 112, 113, 114, 115, 116, 117, 118, 119, 120, 121, 122, 123, 124, 125, 126, 127, 128, 129, 130, 131, 132, 133, 134, 135, 136, 137, 138, 139, 140, 141, 142, 143, 144, 145, 146, 147, 148, 149, 150, 151, 152]",sen_slope_per_decade,1991–2025,"{""operation"": ""median"", ""filters"": {""source"": ""KMA"", ""metric"": ""TMAX""}, ""scope"": ""saved estimates; unweighted station summary, not national area mean""}"
common_KMA_TMAX_positive,temperature,sen_slope_per_decade,50,stations,output/tables/common_period/common_period_temperature_trends.csv,"[102, 103, 104, 105, 106, 107, 108, 109, 110, 111, 112, 113, 114, 115, 116, 117, 118, 119, 120, 121, 122, 123, 124, 125, 126, 127, 128, 129, 130, 131, 132, 133, 134, 135, 136, 137, 138, 139, 140, 141, 142, 143, 144, 145, 146, 147, 148, 149, 150, 151, 152]",sen_slope_per_decade,1991–2025,"{""operation"": ""positive_count"", ""filters"": {""source"": ""KMA"", ""metric"": ""TMAX""}, ""scope"": ""saved estimates; unweighted station summary, not national area mean""}"
common_KMA_TMIN_fdr,temperature,significant_fdr,49,stations,output/tables/common_period/common_period_temperature_trends.csv,"[204, 205, 206, 207, 208, 209, 210, 211, 212, 213, 214, 215, 216, 217, 218, 219, 220, 221, 222, 223, 224, 225, 226, 227, 228, 229, 230, 231, 232, 233, 234, 235, 236, 237, 238, 239, 240, 241, 242, 243, 244, 245, 246, 247, 248, 249, 250, 251, 252, 253, 254]",significant_fdr,1991–2025,"{""operation"": ""true_count"", ""filters"": {""source"": ""KMA"", ""metric"": ""TMIN""}, ""scope"": ""saved estimates; unweighted station summary, not national area mean""}"
common_KMA_TMIN_median,temperature,sen_slope_per_decade,0.5097031963470319,°C/decade,output/tables/common_period/common_period_temperature_trends.csv,"[204, 205, 206, 207, 208, 209, 210, 211, 212, 213, 214, 215, 216, 217, 218, 219, 220, 221, 222, 223, 224, 225, 226, 227, 228, 229, 230, 231, 232, 233, 234, 235, 236, 237, 238, 239, 240, 241, 242, 243, 244, 245, 246, 247, 248, 249, 250, 251, 252, 253, 254]",sen_slope_per_decade,1991–2025,"{""operation"": ""median"", ""filters"": {""source"": ""KMA"", ""metric"": ""TMIN""}, ""scope"": ""saved estimates; unweighted station summary, not national area mean""}"
common_KMA_TMIN_positive,temperature,sen_slope_per_decade,51,stations,output/tables/common_period/common_period_temperature_trends.csv,"[204, 205, 206, 207, 208, 209, 210, 211, 212, 213, 214, 215, 216, 217, 218, 219, 220, 221, 222, 223, 224, 225, 226, 227, 228, 229, 230, 231, 232, 233, 234, 235, 236, 237, 238, 239, 240, 241, 242, 243, 244, 245, 246, 247, 248, 249, 250, 251, 252, 253, 254]",sen_slope_per_decade,1991–2025,"{""operation"": ""positive_count"", ""filters"": {""source"": ""KMA"", ""metric"": ""TMIN""}, ""scope"": ""saved estimates; unweighted station summary, not national area mean""}"
common_KMA_dtr,dtr,sen_slope_per_decade,-0.1776057176891013,°C/decade,output/tables/common_period_spatial/common_period_dtr_trends.csv,"[0, 1, 2, 3, 4, 5, 6, 7, 8, 9, 10, 11, 12, 13, 14, 15, 16, 17, 18, 19, 20, 21, 22, 23, 24, 25, 26, 27, 28, 29, 30, 31, 32, 33, 34, 35, 36, 37, 38, 39, 40, 41, 42, 43, 44, 45, 46, 47, 48, 49, 50]",sen_slope_per_decade,1991–2025,"{""operation"": ""median"", ""filters"": {""source"": ""KMA""}, ""scope"": ""saved estimates; unweighted station summary, not national area mean""}"
common_KMA_dtr_negative,dtr,sen_slope_per_decade,42,stations,output/tables/common_period_spatial/common_period_dtr_trends.csv,"[0, 1, 2, 3, 4, 5, 6, 7, 8, 9, 10, 11, 12, 13, 14, 15, 16, 17, 18, 19, 20, 21, 22, 23, 24, 25, 26, 27, 28, 29, 30, 31, 32, 33, 34, 35, 36, 37, 38, 39, 40, 41, 42, 43, 44, 45, 46, 47, 48, 49, 50]",sen_slope_per_decade,1991–2025,"{""operation"": ""negative_count"", ""filters"": {""source"": ""KMA""}, ""scope"": ""saved estimates; unweighted station summary, not national area mean""}"
common_NASA_DJF,seasonal,sen_slope_per_decade,0.101578947368421,°C/decade,output/tables/common_period/common_period_seasonal_temperature_trends.csv,"[51, 52, 53, 54, 55, 56, 57, 58, 59, 60, 61, 62, 63, 64, 65, 66, 67, 68, 69, 70, 71, 72, 73, 74, 75, 76, 77, 78, 79, 80, 81, 82, 83, 84, 85, 86, 87, 88, 89, 90, 91, 92, 93, 94, 95, 96, 97, 98, 99, 100, 101]",sen_slope_per_decade,1991–2025,"{""operation"": ""median"", ""filters"": {""source"": ""NASA"", ""metric"": ""TAVG"", ""season"": ""DJF""}, ""scope"": ""saved estimates; unweighted station summary, not national area mean""}"
common_NASA_JJA,seasonal,sen_slope_per_decade,0.5897127329192564,°C/decade,output/tables/common_period/common_period_seasonal_temperature_trends.csv,"[153, 154, 155, 156, 157, 158, 159, 160, 161, 162, 163, 164, 165, 166, 167, 168, 169, 170, 171, 172, 173, 174, 175, 176, 177, 178, 179, 180, 181, 182, 183, 184, 185, 186, 187, 188, 189, 190, 191, 192, 193, 194, 195, 196, 197, 198, 199, 200, 201, 202, 203]",sen_slope_per_decade,1991–2025,"{""operation"": ""median"", ""filters"": {""source"": ""NASA"", ""metric"": ""TAVG"", ""season"": ""JJA""}, ""scope"": ""saved estimates; unweighted station summary, not national area mean""}"
common_NASA_MAM,seasonal,sen_slope_per_decade,0.5532004830917872,°C/decade,output/tables/common_period/common_period_seasonal_temperature_trends.csv,"[255, 256, 257, 258, 259, 260, 261, 262, 263, 264, 265, 266, 267, 268, 269, 270, 271, 272, 273, 274, 275, 276, 277, 278, 279, 280, 281, 282, 283, 284, 285, 286, 287, 288, 289, 290, 291, 292, 293, 294, 295, 296, 297, 298, 299, 300, 301, 302, 303, 304, 305]",sen_slope_per_decade,1991–2025,"{""operation"": ""median"", ""filters"": {""source"": ""NASA"", ""metric"": ""TAVG"", ""season"": ""MAM""}, ""scope"": ""saved estimates; unweighted station summary, not national area mean""}"
common_NASA_SON,seasonal,sen_slope_per_decade,0.5160561660561689,°C/decade,output/tables/common_period/common_period_seasonal_temperature_trends.csv,"[357, 358, 359, 360, 361, 362, 363, 364, 365, 366, 367, 368, 369, 370, 371, 372, 373, 374, 375, 376, 377, 378, 379, 380, 381, 382, 383, 384, 385, 386, 387, 388, 389, 390, 391, 392, 393, 394, 395, 396, 397, 398, 399, 400, 401, 402, 403, 404, 405, 406, 407]",sen_slope_per_decade,1991–2025,"{""operation"": ""median"", ""filters"": {""source"": ""NASA"", ""metric"": ""TAVG"", ""season"": ""SON""}, ""scope"": ""saved estimates; unweighted station summary, not national area mean""}"
common_NASA_TAVG_fdr,temperature,significant_fdr,51,stations,output/tables/common_period/common_period_temperature_trends.csv,"[51, 52, 53, 54, 55, 56, 57, 58, 59, 60, 61, 62, 63, 64, 65, 66, 67, 68, 69, 70, 71, 72, 73, 74, 75, 76, 77, 78, 79, 80, 81, 82, 83, 84, 85, 86, 87, 88, 89, 90, 91, 92, 93, 94, 95, 96, 97, 98, 99, 100, 101]",significant_fdr,1991–2025,"{""operation"": ""true_count"", ""filters"": {""source"": ""NASA"", ""metric"": ""TAVG""}, ""scope"": ""saved estimates; unweighted station summary, not national area mean""}"
common_NASA_TAVG_median,temperature,sen_slope_per_decade,0.464520547945205,°C/decade,output/tables/common_period/common_period_temperature_trends.csv,"[51, 52, 53, 54, 55, 56, 57, 58, 59, 60, 61, 62, 63, 64, 65, 66, 67, 68, 69, 70, 71, 72, 73, 74, 75, 76, 77, 78, 79, 80, 81, 82, 83, 84, 85, 86, 87, 88, 89, 90, 91, 92, 93, 94, 95, 96, 97, 98, 99, 100, 101]",sen_slope_per_decade,1991–2025,"{""operation"": ""median"", ""filters"": {""source"": ""NASA"", ""metric"": ""TAVG""}, ""scope"": ""saved estimates; unweighted station summary, not national area mean""}"
common_NASA_TAVG_positive,temperature,sen_slope_per_decade,51,stations,output/tables/common_period/common_period_temperature_trends.csv,"[51, 52, 53, 54, 55, 56, 57, 58, 59, 60, 61, 62, 63, 64, 65, 66, 67, 68, 69, 70, 71, 72, 73, 74, 75, 76, 77, 78, 79, 80, 81, 82, 83, 84, 85, 86, 87, 88, 89, 90, 91, 92, 93, 94, 95, 96, 97, 98, 99, 100, 101]",sen_slope_per_decade,1991–2025,"{""operation"": ""positive_count"", ""filters"": {""source"": ""NASA"", ""metric"": ""TAVG""}, ""scope"": ""saved estimates; unweighted station summary, not national area mean""}"
common_NASA_TMAX_fdr,temperature,significant_fdr,51,stations,output/tables/common_period/common_period_temperature_trends.csv,"[153, 154, 155, 156, 157, 158, 159, 160, 161, 162, 163, 164, 165, 166, 167, 168, 169, 170, 171, 172, 173, 174, 175, 176, 177, 178, 179, 180, 181, 182, 183, 184, 185, 186, 187, 188, 189, 190, 191, 192, 193, 194, 195, 196, 197, 198, 199, 200, 201, 202, 203]",significant_fdr,1991–2025,"{""operation"": ""true_count"", ""filters"": {""source"": ""NASA"", ""metric"": ""TMAX""}, ""scope"": ""saved estimates; unweighted station summary, not national area mean""}"
common_NASA_TMAX_median,temperature,sen_slope_per_decade,0.5012004685098838,°C/decade,output/tables/common_period/common_period_temperature_trends.csv,"[153, 154, 155, 156, 157, 158, 159, 160, 161, 162, 163, 164, 165, 166, 167, 168, 169, 170, 171, 172, 173, 174, 175, 176, 177, 178, 179, 180, 181, 182, 183, 184, 185, 186, 187, 188, 189, 190, 191, 192, 193, 194, 195, 196, 197, 198, 199, 200, 201, 202, 203]",sen_slope_per_decade,1991–2025,"{""operation"": ""median"", ""filters"": {""source"": ""NASA"", ""metric"": ""TMAX""}, ""scope"": ""saved estimates; unweighted station summary, not national area mean""}"
common_NASA_TMAX_positive,temperature,sen_slope_per_decade,51,stations,output/tables/common_period/common_period_temperature_trends.csv,"[153, 154, 155, 156, 157, 158, 159, 160, 161, 162, 163, 164, 165, 166, 167, 168, 169, 170, 171, 172, 173, 174, 175, 176, 177, 178, 179, 180, 181, 182, 183, 184, 185, 186, 187, 188, 189, 190, 191, 192, 193, 194, 195, 196, 197, 198, 199, 200, 201, 202, 203]",sen_slope_per_decade,1991–2025,"{""operation"": ""positive_count"", ""filters"": {""source"": ""NASA"", ""metric"": ""TMAX""}, ""scope"": ""saved estimates; unweighted station summary, not national area mean""}"
common_NASA_TMIN_fdr,temperature,significant_fdr,51,stations,output/tables/common_period/common_period_temperature_trends.csv,"[255, 256, 257, 258, 259, 260, 261, 262, 263, 264, 265, 266, 267, 268, 269, 270, 271, 272, 273, 274, 275, 276, 277, 278, 279, 280, 281, 282, 283, 284, 285, 286, 287, 288, 289, 290, 291, 292, 293, 294, 295, 296, 297, 298, 299, 300, 301, 302, 303, 304, 305]",significant_fdr,1991–2025,"{""operation"": ""true_count"", ""filters"": {""source"": ""NASA"", ""metric"": ""TMIN""}, ""scope"": ""saved estimates; unweighted station summary, not national area mean""}"
common_NASA_TMIN_median,temperature,sen_slope_per_decade,0.4351883561643827,°C/decade,output/tables/common_period/common_period_temperature_trends.csv,"[255, 256, 257, 258, 259, 260, 261, 262, 263, 264, 265, 266, 267, 268, 269, 270, 271, 272, 273, 274, 275, 276, 277, 278, 279, 280, 281, 282, 283, 284, 285, 286, 287, 288, 289, 290, 291, 292, 293, 294, 295, 296, 297, 298, 299, 300, 301, 302, 303, 304, 305]",sen_slope_per_decade,1991–2025,"{""operation"": ""median"", ""filters"": {""source"": ""NASA"", ""metric"": ""TMIN""}, ""scope"": ""saved estimates; unweighted station summary, not national area mean""}"
common_NASA_TMIN_positive,temperature,sen_slope_per_decade,51,stations,output/tables/common_period/common_period_temperature_trends.csv,"[255, 256, 257, 258, 259, 260, 261, 262, 263, 264, 265, 266, 267, 268, 269, 270, 271, 272, 273, 274, 275, 276, 277, 278, 279, 280, 281, 282, 283, 284, 285, 286, 287, 288, 289, 290, 291, 292, 293, 294, 295, 296, 297, 298, 299, 300, 301, 302, 303, 304, 305]",sen_slope_per_decade,1991–2025,"{""operation"": ""positive_count"", ""filters"": {""source"": ""NASA"", ""metric"": ""TMIN""}, ""scope"": ""saved estimates; unweighted station summary, not national area mean""}"
common_NASA_dtr,dtr,sen_slope_per_decade,0.0381664910432031,°C/decade,output/tables/common_period_spatial/common_period_dtr_trends.csv,"[51, 52, 53, 54, 55, 56, 57, 58, 59, 60, 61, 62, 63, 64, 65, 66, 67, 68, 69, 70, 71, 72, 73, 74, 75, 76, 77, 78, 79, 80, 81, 82, 83, 84, 85, 86, 87, 88, 89, 90, 91, 92, 93, 94, 95, 96, 97, 98, 99, 100, 101]",sen_slope_per_decade,1991–2025,"{""operation"": ""median"", ""filters"": {""source"": ""NASA""}, ""scope"": ""saved estimates; unweighted station summary, not national area mean""}"
common_NASA_dtr_negative,dtr,sen_slope_per_decade,6,stations,output/tables/common_period_spatial/common_period_dtr_trends.csv,"[51, 52, 53, 54, 55, 56, 57, 58, 59, 60, 61, 62, 63, 64, 65, 66, 67, 68, 69, 70, 71, 72, 73, 74, 75, 76, 77, 78, 79, 80, 81, 82, 83, 84, 85, 86, 87, 88, 89, 90, 91, 92, 93, 94, 95, 96, 97, 98, 99, 100, 101]",sen_slope_per_decade,1991–2025,"{""operation"": ""negative_count"", ""filters"": {""source"": ""NASA""}, ""scope"": ""saved estimates; unweighted station summary, not national area mean""}"
common_n,scale,station_count,51,stations,output/manifests/common_period_51station_manifest.json,station_count,station_count,metadata,"{""operation"": ""json_key""}"
common_period,scale,analysis_period,"[""1991-01-01"", ""2025-12-31""]",date/year range,output/manifests/common_period_51station_manifest.json,analysis_period,analysis_period,metadata,"{""operation"": ""json_key""}"
contrast_median,contrast,tmin_minus_tmax,0.146960382513658,°C/decade,output/tables/common_period_spatial/common_period_tmax_tmin_warming_contrast.csv,"[0, 1, 2, 3, 4, 5, 6, 7, 8, 9, 10, 11, 12, 13, 14, 15, 16, 17, 18, 19, 20, 21, 22, 23, 24, 25, 26, 27, 28, 29, 30, 31, 32, 33, 34, 35, 36, 37, 38, 39, 40, 41, 42, 43, 44, 45, 46, 47, 48, 49, 50]",tmin_minus_tmax,1991–2025,"{""operation"": ""median"", ""filters"": {}, ""scope"": ""saved estimates; unweighted station summary, not national area mean""}"
contrast_positive,contrast,tmin_minus_tmax,40,stations,output/tables/common_period_spatial/common_period_tmax_tmin_warming_contrast.csv,"[0, 1, 2, 3, 4, 5, 6, 7, 8, 9, 10, 11, 12, 13, 14, 15, 16, 17, 18, 19, 20, 21, 22, 23, 24, 25, 26, 27, 28, 29, 30, 31, 32, 33, 34, 35, 36, 37, 38, 39, 40, 41, 42, 43, 44, 45, 46, 47, 48, 49, 50]",tmin_minus_tmax,1991–2025,"{""operation"": ""positive_count"", ""filters"": {}, ""scope"": ""saved estimates; unweighted station summary, not national area mean""}"
grid_n,scale,unique_NASA_grid_count,34,grids,output/manifests/common_period_51station_manifest.json,unique_NASA_grid_count,unique_NASA_grid_count,metadata,"{""operation"": ""json_key""}"
inventory_n,scale,station_id,105,stations,data/station_metadata/processed/kma_asos_station_inventory.csv,"[0, 1, 2, 3, 4, 5, 6, 7, 8, 9, 10, 11, 12, 13, 14, 15, 16, 17, 18, 19, 20, 21, 22, 23, 24, 25, 26, 27, 28, 29, 30, 31, 32, 33, 34, 35, 36, 37, 38, 39, 40, 41, 42, 43, 44, 45, 46, 47, 48, 49, 50, 51, 52, 53, 54, 55, 56, 57, 58, 59, 60, 61, 62, 63, 64, 65, 66, 67, 68, 69, 70, 71, 72, 73, 74, 75, 76, 77, 78, 79, 80, 81, 82, 83, 84, 85, 86, 87, 88, 89, 90, 91, 92, 93, 94, 95, 96, 97, 98, 99, 100, 101, 102, 103, 104]",station_id,metadata snapshot,"{""operation"": ""count_rows"", ""filters"": {}, ""scope"": ""saved estimates; unweighted station summary, not national area mean""}"
long_grid_n,scale,unique_NASA_grid_count,33,grids,output/manifests/period_sensitivity_manifest.json,unique_NASA_grid_count,unique_NASA_grid_count,metadata,"{""operation"": ""json_key""}"
long_period,scale,analysis_period,"""1981-01-01~2025-12-31""",date range,output/manifests/nationwide_analysis_manifest.json,analysis_period,analysis_period,metadata,"{""operation"": ""json_key""}"
model_count_CONVERGED_NEAR_BOUNDARY,model_review,numerical_class,6,model combinations,output/tables/spatial_models_numerical/spatial_model_numerical_stability.csv,"[12, 13, 16, 17, 19, 20]",numerical_class,1981–2025,"{""operation"": ""count_rows"", ""filters"": {""numerical_class"": ""CONVERGED_NEAR_BOUNDARY""}, ""scope"": ""saved estimates; unweighted station summary, not national area mean""}"
model_count_FAILED,model_review,numerical_class,1,model combinations,output/tables/spatial_models_numerical/spatial_model_numerical_stability.csv,[22],numerical_class,1981–2025,"{""operation"": ""count_rows"", ""filters"": {""numerical_class"": ""FAILED""}, ""scope"": ""saved estimates; unweighted station summary, not national area mean""}"
model_count_NUMERICALLY_UNSTABLE,model_review,numerical_class,13,model combinations,output/tables/spatial_models_numerical/spatial_model_numerical_stability.csv,"[21, 23, 24, 25, 27, 28, 29, 42, 43, 44, 45, 46, 47]",numerical_class,1981–2025,"{""operation"": ""count_rows"", ""filters"": {""numerical_class"": ""NUMERICALLY_UNSTABLE""}, ""scope"": ""saved estimates; unweighted station summary, not national area mean""}"
model_count_STABLE,model_review,numerical_class,34,model combinations,output/tables/spatial_models_numerical/spatial_model_numerical_stability.csv,"[0, 1, 2, 3, 4, 5, 6, 7, 8, 9, 10, 11, 14, 15, 18, 26, 30, 31, 32, 33, 34, 35, 36, 37, 38, 39, 40, 41, 48, 49, 50, 51, 52, 53]",numerical_class,1981–2025,"{""operation"": ""count_rows"", ""filters"": {""numerical_class"": ""STABLE""}, ""scope"": ""saved estimates; unweighted station summary, not national area mean""}"
model_kma_tavg_sen_slope_classical_p,model_review,classical_p,0.0286614484318632,1,output/tables/spatial_models_numerical/stage14_model_interpretation_status.csv,[0],classical_p,1981–2025,"{""operation"": ""cell"", ""filters"": {""outcome"": ""kma_tavg_sen_slope""}, ""scope"": ""saved estimates; unweighted station summary, not national area mean""}"
model_kma_tavg_sen_slope_hc3_p,model_review,hc3_p,0.1117370805383115,1,output/tables/spatial_models_numerical/stage14_model_interpretation_status.csv,[0],hc3_p,1981–2025,"{""operation"": ""cell"", ""filters"": {""outcome"": ""kma_tavg_sen_slope""}, ""scope"": ""saved estimates; unweighted station summary, not national area mean""}"
model_kma_tavg_sen_slope_interpretation_status,model_review,interpretation_status,"""DIRECTIONALLY_STABLE_HETEROSKEDASTICITY_SENSITIVE""",1,output/tables/spatial_models_numerical/stage14_model_interpretation_status.csv,[0],interpretation_status,1981–2025,"{""operation"": ""cell"", ""filters"": {""outcome"": ""kma_tavg_sen_slope""}, ""scope"": ""saved estimates; unweighted station summary, not national area mean""}"
model_tavg_bias_classical_p,model_review,classical_p,5.688867459126684e-06,1,output/tables/spatial_models_numerical/stage14_model_interpretation_status.csv,[1],classical_p,1981–2025,"{""operation"": ""cell"", ""filters"": {""outcome"": ""tavg_bias""}, ""scope"": ""saved estimates; unweighted station summary, not national area mean""}"
model_tavg_bias_hc3_p,model_review,hc3_p,0.0004377426222427,1,output/tables/spatial_models_numerical/stage14_model_interpretation_status.csv,[1],hc3_p,1981–2025,"{""operation"": ""cell"", ""filters"": {""outcome"": ""tavg_bias""}, ""scope"": ""saved estimates; unweighted station summary, not national area mean""}"
model_tavg_bias_interpretation_status,model_review,interpretation_status,"""ROBUST_ASSOCIATION_WITH_UNSUPPORTED_INVERSE_DISTANCE_SPECIFICATION""",1,output/tables/spatial_models_numerical/stage14_model_interpretation_status.csv,[1],interpretation_status,1981–2025,"{""operation"": ""cell"", ""filters"": {""outcome"": ""tavg_bias""}, ""scope"": ""saved estimates; unweighted station summary, not national area mean""}"
model_tavg_rmse_classical_p,model_review,classical_p,0.0867750845387348,1,output/tables/spatial_models_numerical/stage14_model_interpretation_status.csv,[2],classical_p,1981–2025,"{""operation"": ""cell"", ""filters"": {""outcome"": ""tavg_rmse""}, ""scope"": ""saved estimates; unweighted station summary, not national area mean""}"
model_tavg_rmse_hc3_p,model_review,hc3_p,0.2025636045737063,1,output/tables/spatial_models_numerical/stage14_model_interpretation_status.csv,[2],hc3_p,1981–2025,"{""operation"": ""cell"", ""filters"": {""outcome"": ""tavg_rmse""}, ""scope"": ""saved estimates; unweighted station summary, not national area mean""}"
model_tavg_rmse_interpretation_status,model_review,interpretation_status,"""MODEL_SENSITIVE_NOT_UPGRADED""",1,output/tables/spatial_models_numerical/stage14_model_interpretation_status.csv,[2],interpretation_status,1981–2025,"{""operation"": ""cell"", ""filters"": {""outcome"": ""tavg_rmse""}, ""scope"": ""saved estimates; unweighted station summary, not national area mean""}"
normal,scale,normal_period,"[1991, 2020]",date/year range,output/manifests/common_period_51station_manifest.json,normal_period,normal_period,metadata,"{""operation"": ""json_key""}"
period_agreement_1981_TAVG_both_significant_count,period_agreement,both_significant_count,45,stations,output/tables/period_sensitivity/period_sensitivity_trend_consistency_window_summary.csv,[0],both_significant_count,1981–2025,"{""operation"": ""cell"", ""filters"": {""start_year"": 1981, ""metric"": ""TAVG""}, ""scope"": ""saved estimates; unweighted station summary, not national area mean""}"
period_agreement_1981_TAVG_same_direction_count,period_agreement,same_direction_count,45,stations,output/tables/period_sensitivity/period_sensitivity_trend_consistency_window_summary.csv,[0],same_direction_count,1981–2025,"{""operation"": ""cell"", ""filters"": {""start_year"": 1981, ""metric"": ""TAVG""}, ""scope"": ""saved estimates; unweighted station summary, not national area mean""}"
period_agreement_1981_TMAX_both_significant_count,period_agreement,both_significant_count,43,stations,output/tables/period_sensitivity/period_sensitivity_trend_consistency_window_summary.csv,[1],both_significant_count,1981–2025,"{""operation"": ""cell"", ""filters"": {""start_year"": 1981, ""metric"": ""TMAX""}, ""scope"": ""saved estimates; unweighted station summary, not national area mean""}"
period_agreement_1981_TMAX_same_direction_count,period_agreement,same_direction_count,44,stations,output/tables/period_sensitivity/period_sensitivity_trend_consistency_window_summary.csv,[1],same_direction_count,1981–2025,"{""operation"": ""cell"", ""filters"": {""start_year"": 1981, ""metric"": ""TMAX""}, ""scope"": ""saved estimates; unweighted station summary, not national area mean""}"
period_agreement_1981_TMIN_both_significant_count,period_agreement,both_significant_count,43,stations,output/tables/period_sensitivity/period_sensitivity_trend_consistency_window_summary.csv,[2],both_significant_count,1981–2025,"{""operation"": ""cell"", ""filters"": {""start_year"": 1981, ""metric"": ""TMIN""}, ""scope"": ""saved estimates; unweighted station summary, not national area mean""}"
period_agreement_1981_TMIN_same_direction_count,period_agreement,same_direction_count,45,stations,output/tables/period_sensitivity/period_sensitivity_trend_consistency_window_summary.csv,[2],same_direction_count,1981–2025,"{""operation"": ""cell"", ""filters"": {""start_year"": 1981, ""metric"": ""TMIN""}, ""scope"": ""saved estimates; unweighted station summary, not national area mean""}"
period_agreement_1986_TAVG_both_significant_count,period_agreement,both_significant_count,45,stations,output/tables/period_sensitivity/period_sensitivity_trend_consistency_window_summary.csv,[3],both_significant_count,1986–2025,"{""operation"": ""cell"", ""filters"": {""start_year"": 1986, ""metric"": ""TAVG""}, ""scope"": ""saved estimates; unweighted station summary, not national area mean""}"
period_agreement_1986_TAVG_same_direction_count,period_agreement,same_direction_count,45,stations,output/tables/period_sensitivity/period_sensitivity_trend_consistency_window_summary.csv,[3],same_direction_count,1986–2025,"{""operation"": ""cell"", ""filters"": {""start_year"": 1986, ""metric"": ""TAVG""}, ""scope"": ""saved estimates; unweighted station summary, not national area mean""}"
period_agreement_1986_TMAX_both_significant_count,period_agreement,both_significant_count,42,stations,output/tables/period_sensitivity/period_sensitivity_trend_consistency_window_summary.csv,[4],both_significant_count,1986–2025,"{""operation"": ""cell"", ""filters"": {""start_year"": 1986, ""metric"": ""TMAX""}, ""scope"": ""saved estimates; unweighted station summary, not national area mean""}"
period_agreement_1986_TMAX_same_direction_count,period_agreement,same_direction_count,44,stations,output/tables/period_sensitivity/period_sensitivity_trend_consistency_window_summary.csv,[4],same_direction_count,1986–2025,"{""operation"": ""cell"", ""filters"": {""start_year"": 1986, ""metric"": ""TMAX""}, ""scope"": ""saved estimates; unweighted station summary, not national area mean""}"
period_agreement_1986_TMIN_both_significant_count,period_agreement,both_significant_count,43,stations,output/tables/period_sensitivity/period_sensitivity_trend_consistency_window_summary.csv,[5],both_significant_count,1986–2025,"{""operation"": ""cell"", ""filters"": {""start_year"": 1986, ""metric"": ""TMIN""}, ""scope"": ""saved estimates; unweighted station summary, not national area mean""}"
period_agreement_1986_TMIN_same_direction_count,period_agreement,same_direction_count,45,stations,output/tables/period_sensitivity/period_sensitivity_trend_consistency_window_summary.csv,[5],same_direction_count,1986–2025,"{""operation"": ""cell"", ""filters"": {""start_year"": 1986, ""metric"": ""TMIN""}, ""scope"": ""saved estimates; unweighted station summary, not national area mean""}"
period_agreement_1991_TAVG_both_significant_count,period_agreement,both_significant_count,45,stations,output/tables/period_sensitivity/period_sensitivity_trend_consistency_window_summary.csv,[6],both_significant_count,1991–2025,"{""operation"": ""cell"", ""filters"": {""start_year"": 1991, ""metric"": ""TAVG""}, ""scope"": ""saved estimates; unweighted station summary, not national area mean""}"
period_agreement_1991_TAVG_same_direction_count,period_agreement,same_direction_count,45,stations,output/tables/period_sensitivity/period_sensitivity_trend_consistency_window_summary.csv,[6],same_direction_count,1991–2025,"{""operation"": ""cell"", ""filters"": {""start_year"": 1991, ""metric"": ""TAVG""}, ""scope"": ""saved estimates; unweighted station summary, not national area mean""}"
period_agreement_1991_TMAX_both_significant_count,period_agreement,both_significant_count,41,stations,output/tables/period_sensitivity/period_sensitivity_trend_consistency_window_summary.csv,[7],both_significant_count,1991–2025,"{""operation"": ""cell"", ""filters"": {""start_year"": 1991, ""metric"": ""TMAX""}, ""scope"": ""saved estimates; unweighted station summary, not national area mean""}"
period_agreement_1991_TMAX_same_direction_count,period_agreement,same_direction_count,44,stations,output/tables/period_sensitivity/period_sensitivity_trend_consistency_window_summary.csv,[7],same_direction_count,1991–2025,"{""operation"": ""cell"", ""filters"": {""start_year"": 1991, ""metric"": ""TMAX""}, ""scope"": ""saved estimates; unweighted station summary, not national area mean""}"
period_agreement_1991_TMIN_both_significant_count,period_agreement,both_significant_count,43,stations,output/tables/period_sensitivity/period_sensitivity_trend_consistency_window_summary.csv,[8],both_significant_count,1991–2025,"{""operation"": ""cell"", ""filters"": {""start_year"": 1991, ""metric"": ""TMIN""}, ""scope"": ""saved estimates; unweighted station summary, not national area mean""}"
period_agreement_1991_TMIN_same_direction_count,period_agreement,same_direction_count,45,stations,output/tables/period_sensitivity/period_sensitivity_trend_consistency_window_summary.csv,[8],same_direction_count,1991–2025,"{""operation"": ""cell"", ""filters"": {""start_year"": 1991, ""metric"": ""TMIN""}, ""scope"": ""saved estimates; unweighted station summary, not national area mean""}"
period_agreement_1996_TAVG_both_significant_count,period_agreement,both_significant_count,41,stations,output/tables/period_sensitivity/period_sensitivity_trend_consistency_window_summary.csv,[9],both_significant_count,1996–2025,"{""operation"": ""cell"", ""filters"": {""start_year"": 1996, ""metric"": ""TAVG""}, ""scope"": ""saved estimates; unweighted station summary, not national area mean""}"
period_agreement_1996_TAVG_same_direction_count,period_agreement,same_direction_count,45,stations,output/tables/period_sensitivity/period_sensitivity_trend_consistency_window_summary.csv,[9],same_direction_count,1996–2025,"{""operation"": ""cell"", ""filters"": {""start_year"": 1996, ""metric"": ""TAVG""}, ""scope"": ""saved estimates; unweighted station summary, not national area mean""}"
period_agreement_1996_TMAX_both_significant_count,period_agreement,both_significant_count,37,stations,output/tables/period_sensitivity/period_sensitivity_trend_consistency_window_summary.csv,[10],both_significant_count,1996–2025,"{""operation"": ""cell"", ""filters"": {""start_year"": 1996, ""metric"": ""TMAX""}, ""scope"": ""saved estimates; unweighted station summary, not national area mean""}"
period_agreement_1996_TMAX_same_direction_count,period_agreement,same_direction_count,44,stations,output/tables/period_sensitivity/period_sensitivity_trend_consistency_window_summary.csv,[10],same_direction_count,1996–2025,"{""operation"": ""cell"", ""filters"": {""start_year"": 1996, ""metric"": ""TMAX""}, ""scope"": ""saved estimates; unweighted station summary, not national area mean""}"
period_agreement_1996_TMIN_both_significant_count,period_agreement,both_significant_count,39,stations,output/tables/period_sensitivity/period_sensitivity_trend_consistency_window_summary.csv,[11],both_significant_count,1996–2025,"{""operation"": ""cell"", ""filters"": {""start_year"": 1996, ""metric"": ""TMIN""}, ""scope"": ""saved estimates; unweighted station summary, not national area mean""}"
period_agreement_1996_TMIN_same_direction_count,period_agreement,same_direction_count,45,stations,output/tables/period_sensitivity/period_sensitivity_trend_consistency_window_summary.csv,[11],same_direction_count,1996–2025,"{""operation"": ""cell"", ""filters"": {""start_year"": 1996, ""metric"": ""TMIN""}, ""scope"": ""saved estimates; unweighted station summary, not national area mean""}"
period_agreement_2001_TAVG_both_significant_count,period_agreement,both_significant_count,43,stations,output/tables/period_sensitivity/period_sensitivity_trend_consistency_window_summary.csv,[12],both_significant_count,2001–2025,"{""operation"": ""cell"", ""filters"": {""start_year"": 2001, ""metric"": ""TAVG""}, ""scope"": ""saved estimates; unweighted station summary, not national area mean""}"
period_agreement_2001_TAVG_same_direction_count,period_agreement,same_direction_count,45,stations,output/tables/period_sensitivity/period_sensitivity_trend_consistency_window_summary.csv,[12],same_direction_count,2001–2025,"{""operation"": ""cell"", ""filters"": {""start_year"": 2001, ""metric"": ""TAVG""}, ""scope"": ""saved estimates; unweighted station summary, not national area mean""}"
period_agreement_2001_TMAX_both_significant_count,period_agreement,both_significant_count,40,stations,output/tables/period_sensitivity/period_sensitivity_trend_consistency_window_summary.csv,[13],both_significant_count,2001–2025,"{""operation"": ""cell"", ""filters"": {""start_year"": 2001, ""metric"": ""TMAX""}, ""scope"": ""saved estimates; unweighted station summary, not national area mean""}"
period_agreement_2001_TMAX_same_direction_count,period_agreement,same_direction_count,43,stations,output/tables/period_sensitivity/period_sensitivity_trend_consistency_window_summary.csv,[13],same_direction_count,2001–2025,"{""operation"": ""cell"", ""filters"": {""start_year"": 2001, ""metric"": ""TMAX""}, ""scope"": ""saved estimates; unweighted station summary, not national area mean""}"
period_agreement_2001_TMIN_both_significant_count,period_agreement,both_significant_count,38,stations,output/tables/period_sensitivity/period_sensitivity_trend_consistency_window_summary.csv,[14],both_significant_count,2001–2025,"{""operation"": ""cell"", ""filters"": {""start_year"": 2001, ""metric"": ""TMIN""}, ""scope"": ""saved estimates; unweighted station summary, not national area mean""}"
period_agreement_2001_TMIN_same_direction_count,period_agreement,same_direction_count,45,stations,output/tables/period_sensitivity/period_sensitivity_trend_consistency_window_summary.csv,[14],same_direction_count,2001–2025,"{""operation"": ""cell"", ""filters"": {""start_year"": 2001, ""metric"": ""TMIN""}, ""scope"": ""saved estimates; unweighted station summary, not national area mean""}"
period_coast_days_tmax_ge_33_kma_slope_maximum,period_coast,maximum,0.508814162387848,1,output/tables/period_sensitivity/period_sensitivity_coastal_association_stability.csv,[0],maximum,multiple–2025,"{""operation"": ""cell"", ""filters"": {""variable"": ""days_tmax_ge_33_kma_slope""}, ""scope"": ""saved estimates; unweighted station summary, not national area mean""}"
period_coast_days_tmax_ge_33_kma_slope_minimum,period_coast,minimum,0.3642898617852534,1,output/tables/period_sensitivity/period_sensitivity_coastal_association_stability.csv,[0],minimum,multiple–2025,"{""operation"": ""cell"", ""filters"": {""variable"": ""days_tmax_ge_33_kma_slope""}, ""scope"": ""saved estimates; unweighted station summary, not national area mean""}"
period_coast_days_tmax_ge_33_kma_slope_period_interpretation,period_coast,period_interpretation,"""DIRECTION_CONSISTENT_SIGNIFICANT""",classification,output/tables/period_sensitivity/period_sensitivity_coastal_association_stability.csv,[0],period_interpretation,multiple–2025,"{""operation"": ""cell"", ""filters"": {""variable"": ""days_tmax_ge_33_kma_slope""}, ""scope"": ""saved estimates; unweighted station summary, not national area mean""}"
period_coast_days_tmax_ge_33_kma_slope_significant_window_count,period_coast,significant_window_count,5,windows,output/tables/period_sensitivity/period_sensitivity_coastal_association_stability.csv,[0],significant_window_count,multiple–2025,"{""operation"": ""cell"", ""filters"": {""variable"": ""days_tmax_ge_33_kma_slope""}, ""scope"": ""saved estimates; unweighted station summary, not national area mean""}"
period_coast_days_tmin_ge_25_kma_slope_maximum,period_coast,maximum,-0.666789476211091,1,output/tables/period_sensitivity/period_sensitivity_coastal_association_stability.csv,[1],maximum,multiple–2025,"{""operation"": ""cell"", ""filters"": {""variable"": ""days_tmin_ge_25_kma_slope""}, ""scope"": ""saved estimates; unweighted station summary, not national area mean""}"
period_coast_days_tmin_ge_25_kma_slope_minimum,period_coast,minimum,-0.6819979657891267,1,output/tables/period_sensitivity/period_sensitivity_coastal_association_stability.csv,[1],minimum,multiple–2025,"{""operation"": ""cell"", ""filters"": {""variable"": ""days_tmin_ge_25_kma_slope""}, ""scope"": ""saved estimates; unweighted station summary, not national area mean""}"
period_coast_days_tmin_ge_25_kma_slope_period_interpretation,period_coast,period_interpretation,"""DIRECTION_CONSISTENT_SIGNIFICANT""",classification,output/tables/period_sensitivity/period_sensitivity_coastal_association_stability.csv,[1],period_interpretation,multiple–2025,"{""operation"": ""cell"", ""filters"": {""variable"": ""days_tmin_ge_25_kma_slope""}, ""scope"": ""saved estimates; unweighted station summary, not national area mean""}"
period_coast_days_tmin_ge_25_kma_slope_significant_window_count,period_coast,significant_window_count,5,windows,output/tables/period_sensitivity/period_sensitivity_coastal_association_stability.csv,[1],significant_window_count,multiple–2025,"{""operation"": ""cell"", ""filters"": {""variable"": ""days_tmin_ge_25_kma_slope""}, ""scope"": ""saved estimates; unweighted station summary, not national area mean""}"
period_coast_dtr_slope_maximum,period_coast,maximum,-0.0487483530961791,1,output/tables/period_sensitivity/period_sensitivity_coastal_association_stability.csv,[2],maximum,multiple–2025,"{""operation"": ""cell"", ""filters"": {""variable"": ""dtr_slope""}, ""scope"": ""saved estimates; unweighted station summary, not national area mean""}"
period_coast_dtr_slope_minimum,period_coast,minimum,-0.4150197628458498,1,output/tables/period_sensitivity/period_sensitivity_coastal_association_stability.csv,[2],minimum,multiple–2025,"{""operation"": ""cell"", ""filters"": {""variable"": ""dtr_slope""}, ""scope"": ""saved estimates; unweighted station summary, not national area mean""}"
period_coast_dtr_slope_period_interpretation,period_coast,period_interpretation,"""PERIOD_SENSITIVE""",classification,output/tables/period_sensitivity/period_sensitivity_coastal_association_stability.csv,[2],period_interpretation,multiple–2025,"{""operation"": ""cell"", ""filters"": {""variable"": ""dtr_slope""}, ""scope"": ""saved estimates; unweighted station summary, not national area mean""}"
period_coast_dtr_slope_significant_window_count,period_coast,significant_window_count,2,windows,output/tables/period_sensitivity/period_sensitivity_coastal_association_stability.csv,[2],significant_window_count,multiple–2025,"{""operation"": ""cell"", ""filters"": {""variable"": ""dtr_slope""}, ""scope"": ""saved estimates; unweighted station summary, not national area mean""}"
period_coast_group_days_tmax_ge_33_kma_slope_maximum,period_coast_group,maximum,-1.226286871023713,days/decade,output/tables/period_sensitivity/period_sensitivity_coastal_group_period_stability.csv,[0],maximum,multiple–2025,"{""operation"": ""cell"", ""filters"": {""variable"": ""days_tmax_ge_33_kma_slope""}, ""scope"": ""saved estimates; unweighted station summary, not national area mean""}"
period_coast_group_days_tmax_ge_33_kma_slope_minimum,period_coast_group,minimum,-2.294372294372294,days/decade,output/tables/period_sensitivity/period_sensitivity_coastal_group_period_stability.csv,[0],minimum,multiple–2025,"{""operation"": ""cell"", ""filters"": {""variable"": ""days_tmax_ge_33_kma_slope""}, ""scope"": ""saved estimates; unweighted station summary, not national area mean""}"
period_coast_group_days_tmax_ge_33_kma_slope_period_interpretation,period_coast_group,period_interpretation,"""DIRECTION_CONSISTENT_SIGNIFICANT""",classification,output/tables/period_sensitivity/period_sensitivity_coastal_group_period_stability.csv,[0],period_interpretation,multiple–2025,"{""operation"": ""cell"", ""filters"": {""variable"": ""days_tmax_ge_33_kma_slope""}, ""scope"": ""saved estimates; unweighted station summary, not national area mean""}"
period_coast_group_days_tmax_ge_33_kma_slope_significant_window_count,period_coast_group,significant_window_count,5,windows,output/tables/period_sensitivity/period_sensitivity_coastal_group_period_stability.csv,[0],significant_window_count,multiple–2025,"{""operation"": ""cell"", ""filters"": {""variable"": ""days_tmax_ge_33_kma_slope""}, ""scope"": ""saved estimates; unweighted station summary, not national area mean""}"
period_coast_group_days_tmin_ge_25_kma_slope_maximum,period_coast_group,maximum,5.7330224599961435,days/decade,output/tables/period_sensitivity/period_sensitivity_coastal_group_period_stability.csv,[1],maximum,multiple–2025,"{""operation"": ""cell"", ""filters"": {""variable"": ""days_tmin_ge_25_kma_slope""}, ""scope"": ""saved estimates; unweighted station summary, not national area mean""}"
period_coast_group_days_tmin_ge_25_kma_slope_minimum,period_coast_group,minimum,2.1324786324786325,days/decade,output/tables/period_sensitivity/period_sensitivity_coastal_group_period_stability.csv,[1],minimum,multiple–2025,"{""operation"": ""cell"", ""filters"": {""variable"": ""days_tmin_ge_25_kma_slope""}, ""scope"": ""saved estimates; unweighted station summary, not national area mean""}"
period_coast_group_days_tmin_ge_25_kma_slope_period_interpretation,period_coast_group,period_interpretation,"""DIRECTION_CONSISTENT_SIGNIFICANT""",classification,output/tables/period_sensitivity/period_sensitivity_coastal_group_period_stability.csv,[1],period_interpretation,multiple–2025,"{""operation"": ""cell"", ""filters"": {""variable"": ""days_tmin_ge_25_kma_slope""}, ""scope"": ""saved estimates; unweighted station summary, not national area mean""}"
period_coast_group_days_tmin_ge_25_kma_slope_significant_window_count,period_coast_group,significant_window_count,5,windows,output/tables/period_sensitivity/period_sensitivity_coastal_group_period_stability.csv,[1],significant_window_count,multiple–2025,"{""operation"": ""cell"", ""filters"": {""variable"": ""days_tmin_ge_25_kma_slope""}, ""scope"": ""saved estimates; unweighted station summary, not national area mean""}"
period_coast_group_dtr_slope_maximum,period_coast_group,maximum,0.1547117013171949,°C/decade,output/tables/period_sensitivity/period_sensitivity_coastal_group_period_stability.csv,[2],maximum,multiple–2025,"{""operation"": ""cell"", ""filters"": {""variable"": ""dtr_slope""}, ""scope"": ""saved estimates; unweighted station summary, not national area mean""}"
period_coast_group_dtr_slope_minimum,period_coast_group,minimum,-0.04817226145226,°C/decade,output/tables/period_sensitivity/period_sensitivity_coastal_group_period_stability.csv,[2],minimum,multiple–2025,"{""operation"": ""cell"", ""filters"": {""variable"": ""dtr_slope""}, ""scope"": ""saved estimates; unweighted station summary, not national area mean""}"
period_coast_group_dtr_slope_period_interpretation,period_coast_group,period_interpretation,"""DIRECTION_SENSITIVE""",classification,output/tables/period_sensitivity/period_sensitivity_coastal_group_period_stability.csv,[2],period_interpretation,multiple–2025,"{""operation"": ""cell"", ""filters"": {""variable"": ""dtr_slope""}, ""scope"": ""saved estimates; unweighted station summary, not national area mean""}"
period_coast_group_dtr_slope_significant_window_count,period_coast_group,significant_window_count,2,windows,output/tables/period_sensitivity/period_sensitivity_coastal_group_period_stability.csv,[2],significant_window_count,multiple–2025,"{""operation"": ""cell"", ""filters"": {""variable"": ""dtr_slope""}, ""scope"": ""saved estimates; unweighted station summary, not national area mean""}"
period_coast_group_kma_tavg_sen_slope_maximum,period_coast_group,maximum,-0.0332499823549401,°C/decade,output/tables/period_sensitivity/period_sensitivity_coastal_group_period_stability.csv,[3],maximum,multiple–2025,"{""operation"": ""cell"", ""filters"": {""variable"": ""kma_tavg_sen_slope""}, ""scope"": ""saved estimates; unweighted station summary, not national area mean""}"
period_coast_group_kma_tavg_sen_slope_minimum,period_coast_group,minimum,-0.0775936509564022,°C/decade,output/tables/period_sensitivity/period_sensitivity_coastal_group_period_stability.csv,[3],minimum,multiple–2025,"{""operation"": ""cell"", ""filters"": {""variable"": ""kma_tavg_sen_slope""}, ""scope"": ""saved estimates; unweighted station summary, not national area mean""}"
period_coast_group_kma_tavg_sen_slope_period_interpretation,period_coast_group,period_interpretation,"""PERIOD_SENSITIVE""",classification,output/tables/period_sensitivity/period_sensitivity_coastal_group_period_stability.csv,[3],period_interpretation,multiple–2025,"{""operation"": ""cell"", ""filters"": {""variable"": ""kma_tavg_sen_slope""}, ""scope"": ""saved estimates; unweighted station summary, not national area mean""}"
period_coast_group_kma_tavg_sen_slope_significant_window_count,period_coast_group,significant_window_count,2,windows,output/tables/period_sensitivity/period_sensitivity_coastal_group_period_stability.csv,[3],significant_window_count,multiple–2025,"{""operation"": ""cell"", ""filters"": {""variable"": ""kma_tavg_sen_slope""}, ""scope"": ""saved estimates; unweighted station summary, not national area mean""}"
period_coast_group_kma_tmax_sen_slope_maximum,period_coast_group,maximum,0.0415501639426557,°C/decade,output/tables/period_sensitivity/period_sensitivity_coastal_group_period_stability.csv,[4],maximum,multiple–2025,"{""operation"": ""cell"", ""filters"": {""variable"": ""kma_tmax_sen_slope""}, ""scope"": ""saved estimates; unweighted station summary, not national area mean""}"
period_coast_group_kma_tmax_sen_slope_minimum,period_coast_group,minimum,-0.065093423855856,°C/decade,output/tables/period_sensitivity/period_sensitivity_coastal_group_period_stability.csv,[4],minimum,multiple–2025,"{""operation"": ""cell"", ""filters"": {""variable"": ""kma_tmax_sen_slope""}, ""scope"": ""saved estimates; unweighted station summary, not national area mean""}"
period_coast_group_kma_tmax_sen_slope_period_interpretation,period_coast_group,period_interpretation,"""DIRECTION_SENSITIVE""",classification,output/tables/period_sensitivity/period_sensitivity_coastal_group_period_stability.csv,[4],period_interpretation,multiple–2025,"{""operation"": ""cell"", ""filters"": {""variable"": ""kma_tmax_sen_slope""}, ""scope"": ""saved estimates; unweighted station summary, not national area mean""}"
period_coast_group_kma_tmax_sen_slope_significant_window_count,period_coast_group,significant_window_count,0,windows,output/tables/period_sensitivity/period_sensitivity_coastal_group_period_stability.csv,[4],significant_window_count,multiple–2025,"{""operation"": ""cell"", ""filters"": {""variable"": ""kma_tmax_sen_slope""}, ""scope"": ""saved estimates; unweighted station summary, not national area mean""}"
period_coast_group_kma_tmin_sen_slope_maximum,period_coast_group,maximum,-0.0398868261605404,°C/decade,output/tables/period_sensitivity/period_sensitivity_coastal_group_period_stability.csv,[5],maximum,multiple–2025,"{""operation"": ""cell"", ""filters"": {""variable"": ""kma_tmin_sen_slope""}, ""scope"": ""saved estimates; unweighted station summary, not national area mean""}"
period_coast_group_kma_tmin_sen_slope_minimum,period_coast_group,minimum,-0.1541149746014926,°C/decade,output/tables/period_sensitivity/period_sensitivity_coastal_group_period_stability.csv,[5],minimum,multiple–2025,"{""operation"": ""cell"", ""filters"": {""variable"": ""kma_tmin_sen_slope""}, ""scope"": ""saved estimates; unweighted station summary, not national area mean""}"
period_coast_group_kma_tmin_sen_slope_period_interpretation,period_coast_group,period_interpretation,"""PERIOD_SENSITIVE""",classification,output/tables/period_sensitivity/period_sensitivity_coastal_group_period_stability.csv,[5],period_interpretation,multiple–2025,"{""operation"": ""cell"", ""filters"": {""variable"": ""kma_tmin_sen_slope""}, ""scope"": ""saved estimates; unweighted station summary, not national area mean""}"
period_coast_group_kma_tmin_sen_slope_significant_window_count,period_coast_group,significant_window_count,2,windows,output/tables/period_sensitivity/period_sensitivity_coastal_group_period_stability.csv,[5],significant_window_count,multiple–2025,"{""operation"": ""cell"", ""filters"": {""variable"": ""kma_tmin_sen_slope""}, ""scope"": ""saved estimates; unweighted station summary, not national area mean""}"
period_coast_group_tavg_bias_maximum,period_coast_group,maximum,1.6479087063991469,°C,output/tables/period_sensitivity/period_sensitivity_coastal_group_period_stability.csv,[6],maximum,multiple–2025,"{""operation"": ""cell"", ""filters"": {""variable"": ""tavg_bias""}, ""scope"": ""saved estimates; unweighted station summary, not national area mean""}"
period_coast_group_tavg_bias_minimum,period_coast_group,minimum,1.6073326466174007,°C,output/tables/period_sensitivity/period_sensitivity_coastal_group_period_stability.csv,[6],minimum,multiple–2025,"{""operation"": ""cell"", ""filters"": {""variable"": ""tavg_bias""}, ""scope"": ""saved estimates; unweighted station summary, not national area mean""}"
period_coast_group_tavg_bias_period_interpretation,period_coast_group,period_interpretation,"""DIRECTION_CONSISTENT_SIGNIFICANT""",classification,output/tables/period_sensitivity/period_sensitivity_coastal_group_period_stability.csv,[6],period_interpretation,multiple–2025,"{""operation"": ""cell"", ""filters"": {""variable"": ""tavg_bias""}, ""scope"": ""saved estimates; unweighted station summary, not national area mean""}"
period_coast_group_tavg_bias_significant_window_count,period_coast_group,significant_window_count,5,windows,output/tables/period_sensitivity/period_sensitivity_coastal_group_period_stability.csv,[6],significant_window_count,multiple–2025,"{""operation"": ""cell"", ""filters"": {""variable"": ""tavg_bias""}, ""scope"": ""saved estimates; unweighted station summary, not national area mean""}"
period_coast_group_tavg_rmse_maximum,period_coast_group,maximum,-0.5171932953549787,°C,output/tables/period_sensitivity/period_sensitivity_coastal_group_period_stability.csv,[7],maximum,multiple–2025,"{""operation"": ""cell"", ""filters"": {""variable"": ""tavg_rmse""}, ""scope"": ""saved estimates; unweighted station summary, not national area mean""}"
period_coast_group_tavg_rmse_minimum,period_coast_group,minimum,-0.5573412827654689,°C,output/tables/period_sensitivity/period_sensitivity_coastal_group_period_stability.csv,[7],minimum,multiple–2025,"{""operation"": ""cell"", ""filters"": {""variable"": ""tavg_rmse""}, ""scope"": ""saved estimates; unweighted station summary, not national area mean""}"
period_coast_group_tavg_rmse_period_interpretation,period_coast_group,period_interpretation,"""DIRECTION_CONSISTENT_SIGNIFICANT""",classification,output/tables/period_sensitivity/period_sensitivity_coastal_group_period_stability.csv,[7],period_interpretation,multiple–2025,"{""operation"": ""cell"", ""filters"": {""variable"": ""tavg_rmse""}, ""scope"": ""saved estimates; unweighted station summary, not national area mean""}"
period_coast_group_tavg_rmse_significant_window_count,period_coast_group,significant_window_count,5,windows,output/tables/period_sensitivity/period_sensitivity_coastal_group_period_stability.csv,[7],significant_window_count,multiple–2025,"{""operation"": ""cell"", ""filters"": {""variable"": ""tavg_rmse""}, ""scope"": ""saved estimates; unweighted station summary, not national area mean""}"
period_coast_group_tmin_minus_tmax_maximum,period_coast_group,maximum,0.0601188945853625,°C/decade,output/tables/period_sensitivity/period_sensitivity_coastal_group_period_stability.csv,[8],maximum,multiple–2025,"{""operation"": ""cell"", ""filters"": {""variable"": ""tmin_minus_tmax""}, ""scope"": ""saved estimates; unweighted station summary, not national area mean""}"
period_coast_group_tmin_minus_tmax_minimum,period_coast_group,minimum,-0.1171992512567303,°C/decade,output/tables/period_sensitivity/period_sensitivity_coastal_group_period_stability.csv,[8],minimum,multiple–2025,"{""operation"": ""cell"", ""filters"": {""variable"": ""tmin_minus_tmax""}, ""scope"": ""saved estimates; unweighted station summary, not national area mean""}"
period_coast_group_tmin_minus_tmax_period_interpretation,period_coast_group,period_interpretation,"""DIRECTION_SENSITIVE""",classification,output/tables/period_sensitivity/period_sensitivity_coastal_group_period_stability.csv,[8],period_interpretation,multiple–2025,"{""operation"": ""cell"", ""filters"": {""variable"": ""tmin_minus_tmax""}, ""scope"": ""saved estimates; unweighted station summary, not national area mean""}"
period_coast_group_tmin_minus_tmax_significant_window_count,period_coast_group,significant_window_count,1,windows,output/tables/period_sensitivity/period_sensitivity_coastal_group_period_stability.csv,[8],significant_window_count,multiple–2025,"{""operation"": ""cell"", ""filters"": {""variable"": ""tmin_minus_tmax""}, ""scope"": ""saved estimates; unweighted station summary, not national area mean""}"
period_coast_kma_tavg_sen_slope_maximum,period_coast,maximum,0.3703557312252964,1,output/tables/period_sensitivity/period_sensitivity_coastal_association_stability.csv,[3],maximum,multiple–2025,"{""operation"": ""cell"", ""filters"": {""variable"": ""kma_tavg_sen_slope""}, ""scope"": ""saved estimates; unweighted station summary, not national area mean""}"
period_coast_kma_tavg_sen_slope_minimum,period_coast,minimum,0.0955204216073781,1,output/tables/period_sensitivity/period_sensitivity_coastal_association_stability.csv,[3],minimum,multiple–2025,"{""operation"": ""cell"", ""filters"": {""variable"": ""kma_tavg_sen_slope""}, ""scope"": ""saved estimates; unweighted station summary, not national area mean""}"
period_coast_kma_tavg_sen_slope_period_interpretation,period_coast,period_interpretation,"""PERIOD_SENSITIVE""",classification,output/tables/period_sensitivity/period_sensitivity_coastal_association_stability.csv,[3],period_interpretation,multiple–2025,"{""operation"": ""cell"", ""filters"": {""variable"": ""kma_tavg_sen_slope""}, ""scope"": ""saved estimates; unweighted station summary, not national area mean""}"
period_coast_kma_tavg_sen_slope_significant_window_count,period_coast,significant_window_count,2,windows,output/tables/period_sensitivity/period_sensitivity_coastal_association_stability.csv,[3],significant_window_count,multiple–2025,"{""operation"": ""cell"", ""filters"": {""variable"": ""kma_tavg_sen_slope""}, ""scope"": ""saved estimates; unweighted station summary, not national area mean""}"
period_coast_kma_tmax_sen_slope_maximum,period_coast,maximum,0.0345191040843214,1,output/tables/period_sensitivity/period_sensitivity_coastal_association_stability.csv,[4],maximum,multiple–2025,"{""operation"": ""cell"", ""filters"": {""variable"": ""kma_tmax_sen_slope""}, ""scope"": ""saved estimates; unweighted station summary, not national area mean""}"
period_coast_kma_tmax_sen_slope_minimum,period_coast,minimum,-0.1371541501976284,1,output/tables/period_sensitivity/period_sensitivity_coastal_association_stability.csv,[4],minimum,multiple–2025,"{""operation"": ""cell"", ""filters"": {""variable"": ""kma_tmax_sen_slope""}, ""scope"": ""saved estimates; unweighted station summary, not national area mean""}"
period_coast_kma_tmax_sen_slope_period_interpretation,period_coast,period_interpretation,"""DIRECTION_SENSITIVE""",classification,output/tables/period_sensitivity/period_sensitivity_coastal_association_stability.csv,[4],period_interpretation,multiple–2025,"{""operation"": ""cell"", ""filters"": {""variable"": ""kma_tmax_sen_slope""}, ""scope"": ""saved estimates; unweighted station summary, not national area mean""}"
period_coast_kma_tmax_sen_slope_significant_window_count,period_coast,significant_window_count,0,windows,output/tables/period_sensitivity/period_sensitivity_coastal_association_stability.csv,[4],significant_window_count,multiple–2025,"{""operation"": ""cell"", ""filters"": {""variable"": ""kma_tmax_sen_slope""}, ""scope"": ""saved estimates; unweighted station summary, not national area mean""}"
period_coast_kma_tmin_sen_slope_maximum,period_coast,maximum,0.42266139657444,1,output/tables/period_sensitivity/period_sensitivity_coastal_association_stability.csv,[5],maximum,multiple–2025,"{""operation"": ""cell"", ""filters"": {""variable"": ""kma_tmin_sen_slope""}, ""scope"": ""saved estimates; unweighted station summary, not national area mean""}"
period_coast_kma_tmin_sen_slope_minimum,period_coast,minimum,0.1399209486166008,1,output/tables/period_sensitivity/period_sensitivity_coastal_association_stability.csv,[5],minimum,multiple–2025,"{""operation"": ""cell"", ""filters"": {""variable"": ""kma_tmin_sen_slope""}, ""scope"": ""saved estimates; unweighted station summary, not national area mean""}"
period_coast_kma_tmin_sen_slope_period_interpretation,period_coast,period_interpretation,"""PERIOD_SENSITIVE""",classification,output/tables/period_sensitivity/period_sensitivity_coastal_association_stability.csv,[5],period_interpretation,multiple–2025,"{""operation"": ""cell"", ""filters"": {""variable"": ""kma_tmin_sen_slope""}, ""scope"": ""saved estimates; unweighted station summary, not national area mean""}"
period_coast_kma_tmin_sen_slope_significant_window_count,period_coast,significant_window_count,1,windows,output/tables/period_sensitivity/period_sensitivity_coastal_association_stability.csv,[5],significant_window_count,multiple–2025,"{""operation"": ""cell"", ""filters"": {""variable"": ""kma_tmin_sen_slope""}, ""scope"": ""saved estimates; unweighted station summary, not national area mean""}"
period_coast_tavg_bias_maximum,period_coast,maximum,-0.5864295125164689,1,output/tables/period_sensitivity/period_sensitivity_coastal_association_stability.csv,[6],maximum,multiple–2025,"{""operation"": ""cell"", ""filters"": {""variable"": ""tavg_bias""}, ""scope"": ""saved estimates; unweighted station summary, not national area mean""}"
period_coast_tavg_bias_minimum,period_coast,minimum,-0.6065876152832674,1,output/tables/period_sensitivity/period_sensitivity_coastal_association_stability.csv,[6],minimum,multiple–2025,"{""operation"": ""cell"", ""filters"": {""variable"": ""tavg_bias""}, ""scope"": ""saved estimates; unweighted station summary, not national area mean""}"
period_coast_tavg_bias_period_interpretation,period_coast,period_interpretation,"""DIRECTION_CONSISTENT_SIGNIFICANT""",classification,output/tables/period_sensitivity/period_sensitivity_coastal_association_stability.csv,[6],period_interpretation,multiple–2025,"{""operation"": ""cell"", ""filters"": {""variable"": ""tavg_bias""}, ""scope"": ""saved estimates; unweighted station summary, not national area mean""}"
period_coast_tavg_bias_significant_window_count,period_coast,significant_window_count,5,windows,output/tables/period_sensitivity/period_sensitivity_coastal_association_stability.csv,[6],significant_window_count,multiple–2025,"{""operation"": ""cell"", ""filters"": {""variable"": ""tavg_bias""}, ""scope"": ""saved estimates; unweighted station summary, not national area mean""}"
period_coast_tavg_rmse_maximum,period_coast,maximum,0.3999999999999999,1,output/tables/period_sensitivity/period_sensitivity_coastal_association_stability.csv,[7],maximum,multiple–2025,"{""operation"": ""cell"", ""filters"": {""variable"": ""tavg_rmse""}, ""scope"": ""saved estimates; unweighted station summary, not national area mean""}"
period_coast_tavg_rmse_minimum,period_coast,minimum,0.3689064558629776,1,output/tables/period_sensitivity/period_sensitivity_coastal_association_stability.csv,[7],minimum,multiple–2025,"{""operation"": ""cell"", ""filters"": {""variable"": ""tavg_rmse""}, ""scope"": ""saved estimates; unweighted station summary, not national area mean""}"
period_coast_tavg_rmse_period_interpretation,period_coast,period_interpretation,"""DIRECTION_CONSISTENT_SIGNIFICANT""",classification,output/tables/period_sensitivity/period_sensitivity_coastal_association_stability.csv,[7],period_interpretation,multiple–2025,"{""operation"": ""cell"", ""filters"": {""variable"": ""tavg_rmse""}, ""scope"": ""saved estimates; unweighted station summary, not national area mean""}"
period_coast_tavg_rmse_significant_window_count,period_coast,significant_window_count,5,windows,output/tables/period_sensitivity/period_sensitivity_coastal_association_stability.csv,[7],significant_window_count,multiple–2025,"{""operation"": ""cell"", ""filters"": {""variable"": ""tavg_rmse""}, ""scope"": ""saved estimates; unweighted station summary, not national area mean""}"
period_coast_tmin_minus_tmax_maximum,period_coast,maximum,0.4249011857707509,1,output/tables/period_sensitivity/period_sensitivity_coastal_association_stability.csv,[8],maximum,multiple–2025,"{""operation"": ""cell"", ""filters"": {""variable"": ""tmin_minus_tmax""}, ""scope"": ""saved estimates; unweighted station summary, not national area mean""}"
period_coast_tmin_minus_tmax_minimum,period_coast,minimum,0.0586297760210803,1,output/tables/period_sensitivity/period_sensitivity_coastal_association_stability.csv,[8],minimum,multiple–2025,"{""operation"": ""cell"", ""filters"": {""variable"": ""tmin_minus_tmax""}, ""scope"": ""saved estimates; unweighted station summary, not national area mean""}"
period_coast_tmin_minus_tmax_period_interpretation,period_coast,period_interpretation,"""PERIOD_SENSITIVE""",classification,output/tables/period_sensitivity/period_sensitivity_coastal_association_stability.csv,[8],period_interpretation,multiple–2025,"{""operation"": ""cell"", ""filters"": {""variable"": ""tmin_minus_tmax""}, ""scope"": ""saved estimates; unweighted station summary, not national area mean""}"
period_coast_tmin_minus_tmax_significant_window_count,period_coast,significant_window_count,2,windows,output/tables/period_sensitivity/period_sensitivity_coastal_association_stability.csv,[8],significant_window_count,multiple–2025,"{""operation"": ""cell"", ""filters"": {""variable"": ""tmin_minus_tmax""}, ""scope"": ""saved estimates; unweighted station summary, not national area mean""}"
period_contrast_1981_KMA_median,period_contrast,median,0.114295661654886,°C/decade,output/tables/period_sensitivity/period_sensitivity_contrast_summary.csv,[0],median,1981–2025,"{""operation"": ""cell"", ""filters"": {""start_year"": 1981, ""source"": ""KMA""}, ""scope"": ""saved estimates; unweighted station summary, not national area mean""}"
period_contrast_1981_KMA_positive_count,period_contrast,positive_count,35,stations,output/tables/period_sensitivity/period_sensitivity_contrast_summary.csv,[0],positive_count,1981–2025,"{""operation"": ""cell"", ""filters"": {""start_year"": 1981, ""source"": ""KMA""}, ""scope"": ""saved estimates; unweighted station summary, not national area mean""}"
period_contrast_1981_NASA_median,period_contrast,median,-0.0136382277427632,°C/decade,output/tables/period_sensitivity/period_sensitivity_contrast_summary.csv,[1],median,1981–2025,"{""operation"": ""cell"", ""filters"": {""start_year"": 1981, ""source"": ""NASA""}, ""scope"": ""saved estimates; unweighted station summary, not national area mean""}"
period_contrast_1981_NASA_positive_count,period_contrast,positive_count,9,stations,output/tables/period_sensitivity/period_sensitivity_contrast_summary.csv,[1],positive_count,1981–2025,"{""operation"": ""cell"", ""filters"": {""start_year"": 1981, ""source"": ""NASA""}, ""scope"": ""saved estimates; unweighted station summary, not national area mean""}"
period_contrast_1986_KMA_median,period_contrast,median,0.1434023768950639,°C/decade,output/tables/period_sensitivity/period_sensitivity_contrast_summary.csv,[2],median,1986–2025,"{""operation"": ""cell"", ""filters"": {""start_year"": 1986, ""source"": ""KMA""}, ""scope"": ""saved estimates; unweighted station summary, not national area mean""}"
period_contrast_1986_KMA_positive_count,period_contrast,positive_count,38,stations,output/tables/period_sensitivity/period_sensitivity_contrast_summary.csv,[2],positive_count,1986–2025,"{""operation"": ""cell"", ""filters"": {""start_year"": 1986, ""source"": ""KMA""}, ""scope"": ""saved estimates; unweighted station summary, not national area mean""}"
period_contrast_1986_NASA_median,period_contrast,median,-0.0325645159582905,°C/decade,output/tables/period_sensitivity/period_sensitivity_contrast_summary.csv,[3],median,1986–2025,"{""operation"": ""cell"", ""filters"": {""start_year"": 1986, ""source"": ""NASA""}, ""scope"": ""saved estimates; unweighted station summary, not national area mean""}"
period_contrast_1986_NASA_positive_count,period_contrast,positive_count,5,stations,output/tables/period_sensitivity/period_sensitivity_contrast_summary.csv,[3],positive_count,1986–2025,"{""operation"": ""cell"", ""filters"": {""start_year"": 1986, ""source"": ""NASA""}, ""scope"": ""saved estimates; unweighted station summary, not national area mean""}"
period_contrast_1991_KMA_median,period_contrast,median,0.169446135922694,°C/decade,output/tables/period_sensitivity/period_sensitivity_contrast_summary.csv,[4],median,1991–2025,"{""operation"": ""cell"", ""filters"": {""start_year"": 1991, ""source"": ""KMA""}, ""scope"": ""saved estimates; unweighted station summary, not national area mean""}"
period_contrast_1991_KMA_positive_count,period_contrast,positive_count,37,stations,output/tables/period_sensitivity/period_sensitivity_contrast_summary.csv,[4],positive_count,1991–2025,"{""operation"": ""cell"", ""filters"": {""start_year"": 1991, ""source"": ""KMA""}, ""scope"": ""saved estimates; unweighted station summary, not national area mean""}"
period_contrast_1991_NASA_median,period_contrast,median,-0.066012112345501,°C/decade,output/tables/period_sensitivity/period_sensitivity_contrast_summary.csv,[5],median,1991–2025,"{""operation"": ""cell"", ""filters"": {""start_year"": 1991, ""source"": ""NASA""}, ""scope"": ""saved estimates; unweighted station summary, not national area mean""}"
period_contrast_1991_NASA_positive_count,period_contrast,positive_count,3,stations,output/tables/period_sensitivity/period_sensitivity_contrast_summary.csv,[5],positive_count,1991–2025,"{""operation"": ""cell"", ""filters"": {""start_year"": 1991, ""source"": ""NASA""}, ""scope"": ""saved estimates; unweighted station summary, not national area mean""}"
period_contrast_1996_KMA_median,period_contrast,median,0.1549820613176756,°C/decade,output/tables/period_sensitivity/period_sensitivity_contrast_summary.csv,[6],median,1996–2025,"{""operation"": ""cell"", ""filters"": {""start_year"": 1996, ""source"": ""KMA""}, ""scope"": ""saved estimates; unweighted station summary, not national area mean""}"
period_contrast_1996_KMA_positive_count,period_contrast,positive_count,39,stations,output/tables/period_sensitivity/period_sensitivity_contrast_summary.csv,[6],positive_count,1996–2025,"{""operation"": ""cell"", ""filters"": {""start_year"": 1996, ""source"": ""KMA""}, ""scope"": ""saved estimates; unweighted station summary, not national area mean""}"
period_contrast_1996_NASA_median,period_contrast,median,-0.0655684931506841,°C/decade,output/tables/period_sensitivity/period_sensitivity_contrast_summary.csv,[7],median,1996–2025,"{""operation"": ""cell"", ""filters"": {""start_year"": 1996, ""source"": ""NASA""}, ""scope"": ""saved estimates; unweighted station summary, not national area mean""}"
period_contrast_1996_NASA_positive_count,period_contrast,positive_count,4,stations,output/tables/period_sensitivity/period_sensitivity_contrast_summary.csv,[7],positive_count,1996–2025,"{""operation"": ""cell"", ""filters"": {""start_year"": 1996, ""source"": ""NASA""}, ""scope"": ""saved estimates; unweighted station summary, not national area mean""}"
period_contrast_2001_KMA_median,period_contrast,median,0.0386428333562276,°C/decade,output/tables/period_sensitivity/period_sensitivity_contrast_summary.csv,[8],median,2001–2025,"{""operation"": ""cell"", ""filters"": {""start_year"": 2001, ""source"": ""KMA""}, ""scope"": ""saved estimates; unweighted station summary, not national area mean""}"
period_contrast_2001_KMA_positive_count,period_contrast,positive_count,28,stations,output/tables/period_sensitivity/period_sensitivity_contrast_summary.csv,[8],positive_count,2001–2025,"{""operation"": ""cell"", ""filters"": {""start_year"": 2001, ""source"": ""KMA""}, ""scope"": ""saved estimates; unweighted station summary, not national area mean""}"
period_contrast_2001_NASA_median,period_contrast,median,-0.1215305686863864,°C/decade,output/tables/period_sensitivity/period_sensitivity_contrast_summary.csv,[9],median,2001–2025,"{""operation"": ""cell"", ""filters"": {""start_year"": 2001, ""source"": ""NASA""}, ""scope"": ""saved estimates; unweighted station summary, not national area mean""}"
period_contrast_2001_NASA_positive_count,period_contrast,positive_count,3,stations,output/tables/period_sensitivity/period_sensitivity_contrast_summary.csv,[9],positive_count,2001–2025,"{""operation"": ""cell"", ""filters"": {""start_year"": 2001, ""source"": ""NASA""}, ""scope"": ""saved estimates; unweighted station summary, not national area mean""}"
period_dtr_1981_KMA_median,period_dtr,median,-0.1320208598447975,°C/decade,output/tables/period_sensitivity/period_sensitivity_dtr_summary.csv,[0],median,1981–2025,"{""operation"": ""cell"", ""filters"": {""start_year"": 1981, ""source"": ""KMA""}, ""scope"": ""saved estimates; unweighted station summary, not national area mean""}"
period_dtr_1981_KMA_negative_count,period_dtr,negative_count,37,stations,output/tables/period_sensitivity/period_sensitivity_dtr_summary.csv,[0],negative_count,1981–2025,"{""operation"": ""cell"", ""filters"": {""start_year"": 1981, ""source"": ""KMA""}, ""scope"": ""saved estimates; unweighted station summary, not national area mean""}"
period_dtr_1981_NASA_median,period_dtr,median,0.0020466987603487,°C/decade,output/tables/period_sensitivity/period_sensitivity_dtr_summary.csv,[1],median,1981–2025,"{""operation"": ""cell"", ""filters"": {""start_year"": 1981, ""source"": ""NASA""}, ""scope"": ""saved estimates; unweighted station summary, not national area mean""}"
period_dtr_1981_NASA_negative_count,period_dtr,negative_count,19,stations,output/tables/period_sensitivity/period_sensitivity_dtr_summary.csv,[1],negative_count,1981–2025,"{""operation"": ""cell"", ""filters"": {""start_year"": 1981, ""source"": ""NASA""}, ""scope"": ""saved estimates; unweighted station summary, not national area mean""}"
period_dtr_1986_KMA_median,period_dtr,median,-0.1499603788724809,°C/decade,output/tables/period_sensitivity/period_sensitivity_dtr_summary.csv,[2],median,1986–2025,"{""operation"": ""cell"", ""filters"": {""start_year"": 1986, ""source"": ""KMA""}, ""scope"": ""saved estimates; unweighted station summary, not national area mean""}"
period_dtr_1986_KMA_negative_count,period_dtr,negative_count,38,stations,output/tables/period_sensitivity/period_sensitivity_dtr_summary.csv,[2],negative_count,1986–2025,"{""operation"": ""cell"", ""filters"": {""start_year"": 1986, ""source"": ""KMA""}, ""scope"": ""saved estimates; unweighted station summary, not national area mean""}"
period_dtr_1986_NASA_median,period_dtr,median,0.0279361681887361,°C/decade,output/tables/period_sensitivity/period_sensitivity_dtr_summary.csv,[3],median,1986–2025,"{""operation"": ""cell"", ""filters"": {""start_year"": 1986, ""source"": ""NASA""}, ""scope"": ""saved estimates; unweighted station summary, not national area mean""}"
period_dtr_1986_NASA_negative_count,period_dtr,negative_count,9,stations,output/tables/period_sensitivity/period_sensitivity_dtr_summary.csv,[3],negative_count,1986–2025,"{""operation"": ""cell"", ""filters"": {""start_year"": 1986, ""source"": ""NASA""}, ""scope"": ""saved estimates; unweighted station summary, not national area mean""}"
period_dtr_1991_KMA_median,period_dtr,median,-0.1884626639174107,°C/decade,output/tables/period_sensitivity/period_sensitivity_dtr_summary.csv,[4],median,1991–2025,"{""operation"": ""cell"", ""filters"": {""start_year"": 1991, ""source"": ""KMA""}, ""scope"": ""saved estimates; unweighted station summary, not national area mean""}"
period_dtr_1991_KMA_negative_count,period_dtr,negative_count,39,stations,output/tables/period_sensitivity/period_sensitivity_dtr_summary.csv,[4],negative_count,1991–2025,"{""operation"": ""cell"", ""filters"": {""start_year"": 1991, ""source"": ""KMA""}, ""scope"": ""saved estimates; unweighted station summary, not national area mean""}"
period_dtr_1991_NASA_median,period_dtr,median,0.0378630136986295,°C/decade,output/tables/period_sensitivity/period_sensitivity_dtr_summary.csv,[5],median,1991–2025,"{""operation"": ""cell"", ""filters"": {""start_year"": 1991, ""source"": ""NASA""}, ""scope"": ""saved estimates; unweighted station summary, not national area mean""}"
period_dtr_1991_NASA_negative_count,period_dtr,negative_count,5,stations,output/tables/period_sensitivity/period_sensitivity_dtr_summary.csv,[5],negative_count,1991–2025,"{""operation"": ""cell"", ""filters"": {""start_year"": 1991, ""source"": ""NASA""}, ""scope"": ""saved estimates; unweighted station summary, not national area mean""}"
period_dtr_1996_KMA_median,period_dtr,median,-0.1734491872376427,°C/decade,output/tables/period_sensitivity/period_sensitivity_dtr_summary.csv,[6],median,1996–2025,"{""operation"": ""cell"", ""filters"": {""start_year"": 1996, ""source"": ""KMA""}, ""scope"": ""saved estimates; unweighted station summary, not national area mean""}"
period_dtr_1996_KMA_negative_count,period_dtr,negative_count,35,stations,output/tables/period_sensitivity/period_sensitivity_dtr_summary.csv,[6],negative_count,1996–2025,"{""operation"": ""cell"", ""filters"": {""start_year"": 1996, ""source"": ""KMA""}, ""scope"": ""saved estimates; unweighted station summary, not national area mean""}"
period_dtr_1996_NASA_median,period_dtr,median,0.0741306638566921,°C/decade,output/tables/period_sensitivity/period_sensitivity_dtr_summary.csv,[7],median,1996–2025,"{""operation"": ""cell"", ""filters"": {""start_year"": 1996, ""source"": ""NASA""}, ""scope"": ""saved estimates; unweighted station summary, not national area mean""}"
period_dtr_1996_NASA_negative_count,period_dtr,negative_count,4,stations,output/tables/period_sensitivity/period_sensitivity_dtr_summary.csv,[7],negative_count,1996–2025,"{""operation"": ""cell"", ""filters"": {""start_year"": 1996, ""source"": ""NASA""}, ""scope"": ""saved estimates; unweighted station summary, not national area mean""}"
period_dtr_2001_KMA_median,period_dtr,median,-0.1019925393617248,°C/decade,output/tables/period_sensitivity/period_sensitivity_dtr_summary.csv,[8],median,2001–2025,"{""operation"": ""cell"", ""filters"": {""start_year"": 2001, ""source"": ""KMA""}, ""scope"": ""saved estimates; unweighted station summary, not national area mean""}"
period_dtr_2001_KMA_negative_count,period_dtr,negative_count,33,stations,output/tables/period_sensitivity/period_sensitivity_dtr_summary.csv,[8],negative_count,2001–2025,"{""operation"": ""cell"", ""filters"": {""start_year"": 2001, ""source"": ""KMA""}, ""scope"": ""saved estimates; unweighted station summary, not national area mean""}"
period_dtr_2001_NASA_median,period_dtr,median,0.1061991213788471,°C/decade,output/tables/period_sensitivity/period_sensitivity_dtr_summary.csv,[9],median,2001–2025,"{""operation"": ""cell"", ""filters"": {""start_year"": 2001, ""source"": ""NASA""}, ""scope"": ""saved estimates; unweighted station summary, not national area mean""}"
period_dtr_2001_NASA_negative_count,period_dtr,negative_count,2,stations,output/tables/period_sensitivity/period_sensitivity_dtr_summary.csv,[9],negative_count,2001–2025,"{""operation"": ""cell"", ""filters"": {""start_year"": 2001, ""source"": ""NASA""}, ""scope"": ""saved estimates; unweighted station summary, not national area mean""}"
period_season_1981_KMA_DJF_median,period_season,median,0.2093224932249323,°C/decade,output/tables/period_sensitivity/period_sensitivity_seasonal_summary.csv,[0],median,1981–2025,"{""operation"": ""cell"", ""filters"": {""start_year"": 1981, ""source"": ""KMA"", ""season"": ""DJF""}, ""scope"": ""saved estimates; unweighted station summary, not national area mean""}"
period_season_1981_KMA_JJA_median,period_season,median,0.3574423985346591,°C/decade,output/tables/period_sensitivity/period_sensitivity_seasonal_summary.csv,[1],median,1981–2025,"{""operation"": ""cell"", ""filters"": {""start_year"": 1981, ""source"": ""KMA"", ""season"": ""JJA""}, ""scope"": ""saved estimates; unweighted station summary, not national area mean""}"
period_season_1981_KMA_MAM_median,period_season,median,0.4172554347826079,°C/decade,output/tables/period_sensitivity/period_sensitivity_seasonal_summary.csv,[2],median,1981–2025,"{""operation"": ""cell"", ""filters"": {""start_year"": 1981, ""source"": ""KMA"", ""season"": ""MAM""}, ""scope"": ""saved estimates; unweighted station summary, not national area mean""}"
period_season_1981_KMA_SON_median,period_season,median,0.4036499215070618,°C/decade,output/tables/period_sensitivity/period_sensitivity_seasonal_summary.csv,[3],median,1981–2025,"{""operation"": ""cell"", ""filters"": {""start_year"": 1981, ""source"": ""KMA"", ""season"": ""SON""}, ""scope"": ""saved estimates; unweighted station summary, not national area mean""}"
period_season_1981_NASA_DJF_median,period_season,median,0.2212849002849003,°C/decade,output/tables/period_sensitivity/period_sensitivity_seasonal_summary.csv,[4],median,1981–2025,"{""operation"": ""cell"", ""filters"": {""start_year"": 1981, ""source"": ""NASA"", ""season"": ""DJF""}, ""scope"": ""saved estimates; unweighted station summary, not national area mean""}"
period_season_1981_NASA_JJA_median,period_season,median,0.3712667802043672,°C/decade,output/tables/period_sensitivity/period_sensitivity_seasonal_summary.csv,[5],median,1981–2025,"{""operation"": ""cell"", ""filters"": {""start_year"": 1981, ""source"": ""NASA"", ""season"": ""JJA""}, ""scope"": ""saved estimates; unweighted station summary, not national area mean""}"
period_season_1981_NASA_MAM_median,period_season,median,0.3780456915207557,°C/decade,output/tables/period_sensitivity/period_sensitivity_seasonal_summary.csv,[6],median,1981–2025,"{""operation"": ""cell"", ""filters"": {""start_year"": 1981, ""source"": ""NASA"", ""season"": ""MAM""}, ""scope"": ""saved estimates; unweighted station summary, not national area mean""}"
period_season_1981_NASA_SON_median,period_season,median,0.4093729799612142,°C/decade,output/tables/period_sensitivity/period_sensitivity_seasonal_summary.csv,[7],median,1981–2025,"{""operation"": ""cell"", ""filters"": {""start_year"": 1981, ""source"": ""NASA"", ""season"": ""SON""}, ""scope"": ""saved estimates; unweighted station summary, not national area mean""}"
period_season_1986_KMA_DJF_median,period_season,median,-1.1102230246251563e-15,°C/decade,output/tables/period_sensitivity/period_sensitivity_seasonal_summary.csv,[8],median,1986–2025,"{""operation"": ""cell"", ""filters"": {""start_year"": 1986, ""source"": ""KMA"", ""season"": ""DJF""}, ""scope"": ""saved estimates; unweighted station summary, not national area mean""}"
period_season_1986_KMA_JJA_median,period_season,median,0.497560386473431,°C/decade,output/tables/period_sensitivity/period_sensitivity_seasonal_summary.csv,[9],median,1986–2025,"{""operation"": ""cell"", ""filters"": {""start_year"": 1986, ""source"": ""KMA"", ""season"": ""JJA""}, ""scope"": ""saved estimates; unweighted station summary, not national area mean""}"
period_season_1986_KMA_MAM_median,period_season,median,0.4819855697151436,°C/decade,output/tables/period_sensitivity/period_sensitivity_seasonal_summary.csv,[10],median,1986–2025,"{""operation"": ""cell"", ""filters"": {""start_year"": 1986, ""source"": ""KMA"", ""season"": ""MAM""}, ""scope"": ""saved estimates; unweighted station summary, not national area mean""}"
period_season_1986_KMA_SON_median,period_season,median,0.4891127391127391,°C/decade,output/tables/period_sensitivity/period_sensitivity_seasonal_summary.csv,[11],median,1986–2025,"{""operation"": ""cell"", ""filters"": {""start_year"": 1986, ""source"": ""KMA"", ""season"": ""SON""}, ""scope"": ""saved estimates; unweighted station summary, not national area mean""}"
period_season_1986_NASA_DJF_median,period_season,median,-0.0020370370370374,°C/decade,output/tables/period_sensitivity/period_sensitivity_seasonal_summary.csv,[12],median,1986–2025,"{""operation"": ""cell"", ""filters"": {""start_year"": 1986, ""source"": ""NASA"", ""season"": ""DJF""}, ""scope"": ""saved estimates; unweighted station summary, not national area mean""}"
period_season_1986_NASA_JJA_median,period_season,median,0.5158322676896838,°C/decade,output/tables/period_sensitivity/period_sensitivity_seasonal_summary.csv,[13],median,1986–2025,"{""operation"": ""cell"", ""filters"": {""start_year"": 1986, ""source"": ""NASA"", ""season"": ""JJA""}, ""scope"": ""saved estimates; unweighted station summary, not national area mean""}"
period_season_1986_NASA_MAM_median,period_season,median,0.4675333498023708,°C/decade,output/tables/period_sensitivity/period_sensitivity_seasonal_summary.csv,[14],median,1986–2025,"{""operation"": ""cell"", ""filters"": {""start_year"": 1986, ""source"": ""NASA"", ""season"": ""MAM""}, ""scope"": ""saved estimates; unweighted station summary, not national area mean""}"
period_season_1986_NASA_SON_median,period_season,median,0.4573926073926068,°C/decade,output/tables/period_sensitivity/period_sensitivity_seasonal_summary.csv,[15],median,1986–2025,"{""operation"": ""cell"", ""filters"": {""start_year"": 1986, ""source"": ""NASA"", ""season"": ""SON""}, ""scope"": ""saved estimates; unweighted station summary, not national area mean""}"
period_season_1991_KMA_DJF_median,period_season,median,0.0472368211498646,°C/decade,output/tables/period_sensitivity/period_sensitivity_seasonal_summary.csv,[16],median,1991–2025,"{""operation"": ""cell"", ""filters"": {""start_year"": 1991, ""source"": ""KMA"", ""season"": ""DJF""}, ""scope"": ""saved estimates; unweighted station summary, not national area mean""}"
period_season_1991_KMA_JJA_median,period_season,median,0.6002415458937134,°C/decade,output/tables/period_sensitivity/period_sensitivity_seasonal_summary.csv,[17],median,1991–2025,"{""operation"": ""cell"", ""filters"": {""start_year"": 1991, ""source"": ""KMA"", ""season"": ""JJA""}, ""scope"": ""saved estimates; unweighted station summary, not national area mean""}"
period_season_1991_KMA_MAM_median,period_season,median,0.5427769985974772,°C/decade,output/tables/period_sensitivity/period_sensitivity_seasonal_summary.csv,[18],median,1991–2025,"{""operation"": ""cell"", ""filters"": {""start_year"": 1991, ""source"": ""KMA"", ""season"": ""MAM""}, ""scope"": ""saved estimates; unweighted station summary, not national area mean""}"
period_season_1991_KMA_SON_median,period_season,median,0.5067155067155009,°C/decade,output/tables/period_sensitivity/period_sensitivity_seasonal_summary.csv,[19],median,1991–2025,"{""operation"": ""cell"", ""filters"": {""start_year"": 1991, ""source"": ""KMA"", ""season"": ""SON""}, ""scope"": ""saved estimates; unweighted station summary, not national area mean""}"
period_season_1991_NASA_DJF_median,period_season,median,0.1005799755799737,°C/decade,output/tables/period_sensitivity/period_sensitivity_seasonal_summary.csv,[20],median,1991–2025,"{""operation"": ""cell"", ""filters"": {""start_year"": 1991, ""source"": ""NASA"", ""season"": ""DJF""}, ""scope"": ""saved estimates; unweighted station summary, not national area mean""}"
period_season_1991_NASA_JJA_median,period_season,median,0.5897127329192564,°C/decade,output/tables/period_sensitivity/period_sensitivity_seasonal_summary.csv,[21],median,1991–2025,"{""operation"": ""cell"", ""filters"": {""start_year"": 1991, ""source"": ""NASA"", ""season"": ""JJA""}, ""scope"": ""saved estimates; unweighted station summary, not national area mean""}"
period_season_1991_NASA_MAM_median,period_season,median,0.5500724637681158,°C/decade,output/tables/period_sensitivity/period_sensitivity_seasonal_summary.csv,[22],median,1991–2025,"{""operation"": ""cell"", ""filters"": {""start_year"": 1991, ""source"": ""NASA"", ""season"": ""MAM""}, ""scope"": ""saved estimates; unweighted station summary, not national area mean""}"
period_season_1991_NASA_SON_median,period_season,median,0.5096546310832041,°C/decade,output/tables/period_sensitivity/period_sensitivity_seasonal_summary.csv,[23],median,1991–2025,"{""operation"": ""cell"", ""filters"": {""start_year"": 1991, ""source"": ""NASA"", ""season"": ""SON""}, ""scope"": ""saved estimates; unweighted station summary, not national area mean""}"
period_season_1996_KMA_DJF_median,period_season,median,0.0257130124777185,°C/decade,output/tables/period_sensitivity/period_sensitivity_seasonal_summary.csv,[24],median,1996–2025,"{""operation"": ""cell"", ""filters"": {""start_year"": 1996, ""source"": ""KMA"", ""season"": ""DJF""}, ""scope"": ""saved estimates; unweighted station summary, not national area mean""}"
period_season_1996_KMA_JJA_median,period_season,median,0.6711956521739193,°C/decade,output/tables/period_sensitivity/period_sensitivity_seasonal_summary.csv,[25],median,1996–2025,"{""operation"": ""cell"", ""filters"": {""start_year"": 1996, ""source"": ""KMA"", ""season"": ""JJA""}, ""scope"": ""saved estimates; unweighted station summary, not national area mean""}"
period_season_1996_KMA_MAM_median,period_season,median,0.5373641304347831,°C/decade,output/tables/period_sensitivity/period_sensitivity_seasonal_summary.csv,[26],median,1996–2025,"{""operation"": ""cell"", ""filters"": {""start_year"": 1996, ""source"": ""KMA"", ""season"": ""MAM""}, ""scope"": ""saved estimates; unweighted station summary, not national area mean""}"
period_season_1996_KMA_SON_median,period_season,median,0.4379905808477234,°C/decade,output/tables/period_sensitivity/period_sensitivity_seasonal_summary.csv,[27],median,1996–2025,"{""operation"": ""cell"", ""filters"": {""start_year"": 1996, ""source"": ""KMA"", ""season"": ""SON""}, ""scope"": ""saved estimates; unweighted station summary, not national area mean""}"
period_season_1996_NASA_DJF_median,period_season,median,0.132052762052762,°C/decade,output/tables/period_sensitivity/period_sensitivity_seasonal_summary.csv,[28],median,1996–2025,"{""operation"": ""cell"", ""filters"": {""start_year"": 1996, ""source"": ""NASA"", ""season"": ""DJF""}, ""scope"": ""saved estimates; unweighted station summary, not national area mean""}"
period_season_1996_NASA_JJA_median,period_season,median,0.620186335403728,°C/decade,output/tables/period_sensitivity/period_sensitivity_seasonal_summary.csv,[29],median,1996–2025,"{""operation"": ""cell"", ""filters"": {""start_year"": 1996, ""source"": ""NASA"", ""season"": ""JJA""}, ""scope"": ""saved estimates; unweighted station summary, not national area mean""}"
period_season_1996_NASA_MAM_median,period_season,median,0.5102484472049669,°C/decade,output/tables/period_sensitivity/period_sensitivity_seasonal_summary.csv,[30],median,1996–2025,"{""operation"": ""cell"", ""filters"": {""start_year"": 1996, ""source"": ""NASA"", ""season"": ""MAM""}, ""scope"": ""saved estimates; unweighted station summary, not national area mean""}"
period_season_1996_NASA_SON_median,period_season,median,0.4368131868131897,°C/decade,output/tables/period_sensitivity/period_sensitivity_seasonal_summary.csv,[31],median,1996–2025,"{""operation"": ""cell"", ""filters"": {""start_year"": 1996, ""source"": ""NASA"", ""season"": ""SON""}, ""scope"": ""saved estimates; unweighted station summary, not national area mean""}"
period_season_2001_KMA_DJF_median,period_season,median,0.062307283359915,°C/decade,output/tables/period_sensitivity/period_sensitivity_seasonal_summary.csv,[32],median,2001–2025,"{""operation"": ""cell"", ""filters"": {""start_year"": 2001, ""source"": ""KMA"", ""season"": ""DJF""}, ""scope"": ""saved estimates; unweighted station summary, not national area mean""}"
period_season_2001_KMA_JJA_median,period_season,median,0.7828315120514551,°C/decade,output/tables/period_sensitivity/period_sensitivity_seasonal_summary.csv,[33],median,2001–2025,"{""operation"": ""cell"", ""filters"": {""start_year"": 2001, ""source"": ""KMA"", ""season"": ""JJA""}, ""scope"": ""saved estimates; unweighted station summary, not national area mean""}"
period_season_2001_KMA_MAM_median,period_season,median,0.5923913043478277,°C/decade,output/tables/period_sensitivity/period_sensitivity_seasonal_summary.csv,[34],median,2001–2025,"{""operation"": ""cell"", ""filters"": {""start_year"": 2001, ""source"": ""KMA"", ""season"": ""MAM""}, ""scope"": ""saved estimates; unweighted station summary, not national area mean""}"
period_season_2001_KMA_SON_median,period_season,median,0.5010683760683753,°C/decade,output/tables/period_sensitivity/period_sensitivity_seasonal_summary.csv,[35],median,2001–2025,"{""operation"": ""cell"", ""filters"": {""start_year"": 2001, ""source"": ""KMA"", ""season"": ""SON""}, ""scope"": ""saved estimates; unweighted station summary, not national area mean""}"
period_season_2001_NASA_DJF_median,period_season,median,0.1928508852258852,°C/decade,output/tables/period_sensitivity/period_sensitivity_seasonal_summary.csv,[36],median,2001–2025,"{""operation"": ""cell"", ""filters"": {""start_year"": 2001, ""source"": ""NASA"", ""season"": ""DJF""}, ""scope"": ""saved estimates; unweighted station summary, not national area mean""}"
period_season_2001_NASA_JJA_median,period_season,median,0.7599149027460004,°C/decade,output/tables/period_sensitivity/period_sensitivity_seasonal_summary.csv,[37],median,2001–2025,"{""operation"": ""cell"", ""filters"": {""start_year"": 2001, ""source"": ""NASA"", ""season"": ""JJA""}, ""scope"": ""saved estimates; unweighted station summary, not national area mean""}"
period_season_2001_NASA_MAM_median,period_season,median,0.5978441565662186,°C/decade,output/tables/period_sensitivity/period_sensitivity_seasonal_summary.csv,[38],median,2001–2025,"{""operation"": ""cell"", ""filters"": {""start_year"": 2001, ""source"": ""NASA"", ""season"": ""MAM""}, ""scope"": ""saved estimates; unweighted station summary, not national area mean""}"
period_season_2001_NASA_SON_median,period_season,median,0.5099048273155417,°C/decade,output/tables/period_sensitivity/period_sensitivity_seasonal_summary.csv,[39],median,2001–2025,"{""operation"": ""cell"", ""filters"": {""start_year"": 2001, ""source"": ""NASA"", ""season"": ""SON""}, ""scope"": ""saved estimates; unweighted station summary, not national area mean""}"
period_validation_1981_TAVG_bias_median,period_validation,bias_median,-0.995914070107108,°C,output/tables/period_sensitivity/period_sensitivity_validation_window_summary.csv,[0],bias_median,1981–2025,"{""operation"": ""cell"", ""filters"": {""start_year"": 1981, ""metric"": ""TAVG""}, ""scope"": ""saved estimates; unweighted station summary, not national area mean""}"
period_validation_1981_TAVG_rmse_median,period_validation,rmse_median,1.9494998757999036,°C,output/tables/period_sensitivity/period_sensitivity_validation_window_summary.csv,[0],rmse_median,1981–2025,"{""operation"": ""cell"", ""filters"": {""start_year"": 1981, ""metric"": ""TAVG""}, ""scope"": ""saved estimates; unweighted station summary, not national area mean""}"
period_validation_1981_TMAX_bias_median,period_validation,bias_median,-2.0351697493307377,°C,output/tables/period_sensitivity/period_sensitivity_validation_window_summary.csv,[1],bias_median,1981–2025,"{""operation"": ""cell"", ""filters"": {""start_year"": 1981, ""metric"": ""TMAX""}, ""scope"": ""saved estimates; unweighted station summary, not national area mean""}"
period_validation_1981_TMAX_rmse_median,period_validation,rmse_median,2.8017288440706123,°C,output/tables/period_sensitivity/period_sensitivity_validation_window_summary.csv,[1],rmse_median,1981–2025,"{""operation"": ""cell"", ""filters"": {""start_year"": 1981, ""metric"": ""TMAX""}, ""scope"": ""saved estimates; unweighted station summary, not national area mean""}"
period_validation_1981_TMIN_bias_median,period_validation,bias_median,-0.3480080311511316,°C,output/tables/period_sensitivity/period_sensitivity_validation_window_summary.csv,[2],bias_median,1981–2025,"{""operation"": ""cell"", ""filters"": {""start_year"": 1981, ""metric"": ""TMIN""}, ""scope"": ""saved estimates; unweighted station summary, not national area mean""}"
period_validation_1981_TMIN_rmse_median,period_validation,rmse_median,2.397176931351632,°C,output/tables/period_sensitivity/period_sensitivity_validation_window_summary.csv,[2],rmse_median,1981–2025,"{""operation"": ""cell"", ""filters"": {""start_year"": 1981, ""metric"": ""TMIN""}, ""scope"": ""saved estimates; unweighted station summary, not national area mean""}"
period_validation_1986_TAVG_bias_median,period_validation,bias_median,-0.996663699849377,°C,output/tables/period_sensitivity/period_sensitivity_validation_window_summary.csv,[3],bias_median,1986–2025,"{""operation"": ""cell"", ""filters"": {""start_year"": 1986, ""metric"": ""TAVG""}, ""scope"": ""saved estimates; unweighted station summary, not national area mean""}"
period_validation_1986_TAVG_rmse_median,period_validation,rmse_median,1.9187760240906069,°C,output/tables/period_sensitivity/period_sensitivity_validation_window_summary.csv,[3],rmse_median,1986–2025,"{""operation"": ""cell"", ""filters"": {""start_year"": 1986, ""metric"": ""TAVG""}, ""scope"": ""saved estimates; unweighted station summary, not national area mean""}"
period_validation_1986_TMAX_bias_median,period_validation,bias_median,-2.0589315537303214,°C,output/tables/period_sensitivity/period_sensitivity_validation_window_summary.csv,[4],bias_median,1986–2025,"{""operation"": ""cell"", ""filters"": {""start_year"": 1986, ""metric"": ""TMAX""}, ""scope"": ""saved estimates; unweighted station summary, not national area mean""}"
period_validation_1986_TMAX_rmse_median,period_validation,rmse_median,2.7959633364516168,°C,output/tables/period_sensitivity/period_sensitivity_validation_window_summary.csv,[4],rmse_median,1986–2025,"{""operation"": ""cell"", ""filters"": {""start_year"": 1986, ""metric"": ""TMAX""}, ""scope"": ""saved estimates; unweighted station summary, not national area mean""}"
period_validation_1986_TMIN_bias_median,period_validation,bias_median,-0.3059568788501026,°C,output/tables/period_sensitivity/period_sensitivity_validation_window_summary.csv,[5],bias_median,1986–2025,"{""operation"": ""cell"", ""filters"": {""start_year"": 1986, ""metric"": ""TMIN""}, ""scope"": ""saved estimates; unweighted station summary, not national area mean""}"
period_validation_1986_TMIN_rmse_median,period_validation,rmse_median,2.4046311765300543,°C,output/tables/period_sensitivity/period_sensitivity_validation_window_summary.csv,[5],rmse_median,1986–2025,"{""operation"": ""cell"", ""filters"": {""start_year"": 1986, ""metric"": ""TMIN""}, ""scope"": ""saved estimates; unweighted station summary, not national area mean""}"
period_validation_1991_TAVG_bias_median,period_validation,bias_median,-1.015538605961042,°C,output/tables/period_sensitivity/period_sensitivity_validation_window_summary.csv,[6],bias_median,1991–2025,"{""operation"": ""cell"", ""filters"": {""start_year"": 1991, ""metric"": ""TAVG""}, ""scope"": ""saved estimates; unweighted station summary, not national area mean""}"
period_validation_1991_TAVG_rmse_median,period_validation,rmse_median,1.9028143248067644,°C,output/tables/period_sensitivity/period_sensitivity_validation_window_summary.csv,[6],rmse_median,1991–2025,"{""operation"": ""cell"", ""filters"": {""start_year"": 1991, ""metric"": ""TAVG""}, ""scope"": ""saved estimates; unweighted station summary, not national area mean""}"
period_validation_1991_TMAX_bias_median,period_validation,bias_median,-2.0386412703379224,°C,output/tables/period_sensitivity/period_sensitivity_validation_window_summary.csv,[7],bias_median,1991–2025,"{""operation"": ""cell"", ""filters"": {""start_year"": 1991, ""metric"": ""TMAX""}, ""scope"": ""saved estimates; unweighted station summary, not national area mean""}"
period_validation_1991_TMAX_rmse_median,period_validation,rmse_median,2.7526678846923707,°C,output/tables/period_sensitivity/period_sensitivity_validation_window_summary.csv,[7],rmse_median,1991–2025,"{""operation"": ""cell"", ""filters"": {""start_year"": 1991, ""metric"": ""TMAX""}, ""scope"": ""saved estimates; unweighted station summary, not national area mean""}"
period_validation_1991_TMIN_bias_median,period_validation,bias_median,-0.2822942740926158,°C,output/tables/period_sensitivity/period_sensitivity_validation_window_summary.csv,[8],bias_median,1991–2025,"{""operation"": ""cell"", ""filters"": {""start_year"": 1991, ""metric"": ""TMIN""}, ""scope"": ""saved estimates; unweighted station summary, not national area mean""}"
period_validation_1991_TMIN_rmse_median,period_validation,rmse_median,2.4213338246547003,°C,output/tables/period_sensitivity/period_sensitivity_validation_window_summary.csv,[8],rmse_median,1991–2025,"{""operation"": ""cell"", ""filters"": {""start_year"": 1991, ""metric"": ""TMIN""}, ""scope"": ""saved estimates; unweighted station summary, not national area mean""}"
period_validation_1996_TAVG_bias_median,period_validation,bias_median,-0.9790761365711156,°C,output/tables/period_sensitivity/period_sensitivity_validation_window_summary.csv,[9],bias_median,1996–2025,"{""operation"": ""cell"", ""filters"": {""start_year"": 1996, ""metric"": ""TAVG""}, ""scope"": ""saved estimates; unweighted station summary, not national area mean""}"
period_validation_1996_TAVG_rmse_median,period_validation,rmse_median,1.9045080512357693,°C,output/tables/period_sensitivity/period_sensitivity_validation_window_summary.csv,[9],rmse_median,1996–2025,"{""operation"": ""cell"", ""filters"": {""start_year"": 1996, ""metric"": ""TAVG""}, ""scope"": ""saved estimates; unweighted station summary, not national area mean""}"
period_validation_1996_TMAX_bias_median,period_validation,bias_median,-1.979158605584961,°C,output/tables/period_sensitivity/period_sensitivity_validation_window_summary.csv,[10],bias_median,1996–2025,"{""operation"": ""cell"", ""filters"": {""start_year"": 1996, ""metric"": ""TMAX""}, ""scope"": ""saved estimates; unweighted station summary, not national area mean""}"
period_validation_1996_TMAX_rmse_median,period_validation,rmse_median,2.730974314477028,°C,output/tables/period_sensitivity/period_sensitivity_validation_window_summary.csv,[10],rmse_median,1996–2025,"{""operation"": ""cell"", ""filters"": {""start_year"": 1996, ""metric"": ""TMAX""}, ""scope"": ""saved estimates; unweighted station summary, not national area mean""}"
period_validation_1996_TMIN_bias_median,period_validation,bias_median,-0.3331292206607045,°C,output/tables/period_sensitivity/period_sensitivity_validation_window_summary.csv,[11],bias_median,1996–2025,"{""operation"": ""cell"", ""filters"": {""start_year"": 1996, ""metric"": ""TMIN""}, ""scope"": ""saved estimates; unweighted station summary, not national area mean""}"
period_validation_1996_TMIN_rmse_median,period_validation,rmse_median,2.4739285940972833,°C,output/tables/period_sensitivity/period_sensitivity_validation_window_summary.csv,[11],rmse_median,1996–2025,"{""operation"": ""cell"", ""filters"": {""start_year"": 1996, ""metric"": ""TMIN""}, ""scope"": ""saved estimates; unweighted station summary, not national area mean""}"
period_validation_2001_TAVG_bias_median,period_validation,bias_median,-0.9714734881682736,°C,output/tables/period_sensitivity/period_sensitivity_validation_window_summary.csv,[12],bias_median,2001–2025,"{""operation"": ""cell"", ""filters"": {""start_year"": 2001, ""metric"": ""TAVG""}, ""scope"": ""saved estimates; unweighted station summary, not national area mean""}"
period_validation_2001_TAVG_rmse_median,period_validation,rmse_median,1.910744944558126,°C,output/tables/period_sensitivity/period_sensitivity_validation_window_summary.csv,[12],rmse_median,2001–2025,"{""operation"": ""cell"", ""filters"": {""start_year"": 2001, ""metric"": ""TAVG""}, ""scope"": ""saved estimates; unweighted station summary, not national area mean""}"
period_validation_2001_TMAX_bias_median,period_validation,bias_median,-1.985807688095499,°C,output/tables/period_sensitivity/period_sensitivity_validation_window_summary.csv,[13],bias_median,2001–2025,"{""operation"": ""cell"", ""filters"": {""start_year"": 2001, ""metric"": ""TMAX""}, ""scope"": ""saved estimates; unweighted station summary, not national area mean""}"
period_validation_2001_TMAX_rmse_median,period_validation,rmse_median,2.7205065435843467,°C,output/tables/period_sensitivity/period_sensitivity_validation_window_summary.csv,[13],rmse_median,2001–2025,"{""operation"": ""cell"", ""filters"": {""start_year"": 2001, ""metric"": ""TMAX""}, ""scope"": ""saved estimates; unweighted station summary, not national area mean""}"
period_validation_2001_TMIN_bias_median,period_validation,bias_median,-0.4315704742087394,°C,output/tables/period_sensitivity/period_sensitivity_validation_window_summary.csv,[14],bias_median,2001–2025,"{""operation"": ""cell"", ""filters"": {""start_year"": 2001, ""metric"": ""TMIN""}, ""scope"": ""saved estimates; unweighted station summary, not national area mean""}"
period_validation_2001_TMIN_rmse_median,period_validation,rmse_median,2.4943148242400315,°C,output/tables/period_sensitivity/period_sensitivity_validation_window_summary.csv,[14],rmse_median,2001–2025,"{""operation"": ""cell"", ""filters"": {""start_year"": 2001, ""metric"": ""TMIN""}, ""scope"": ""saved estimates; unweighted station summary, not national area mean""}"
spatial_days_tmax_ge_33_kma_slope_STATION_LINKED_Moran_I,spatial,Moran_I,0.1696583179467335,1,output/tables/common_period_spatial/common_period_global_morans_i.csv,[3],Moran_I,1991–2025,"{""operation"": ""cell"", ""filters"": {""variable"": ""days_tmax_ge_33_kma_slope"", ""representation"": ""STATION_LINKED"", ""weight_variant"": ""directed_knn_k4""}, ""scope"": ""saved estimates; unweighted station summary, not national area mean""}"
spatial_days_tmax_ge_33_kma_slope_STATION_LINKED_n_spatial_units,spatial,n_spatial_units,51,spatial units,output/tables/common_period_spatial/common_period_global_morans_i.csv,[3],n_spatial_units,1991–2025,"{""operation"": ""cell"", ""filters"": {""variable"": ""days_tmax_ge_33_kma_slope"", ""representation"": ""STATION_LINKED"", ""weight_variant"": ""directed_knn_k4""}, ""scope"": ""saved estimates; unweighted station summary, not national area mean""}"
spatial_days_tmax_ge_33_kma_slope_STATION_LINKED_permutation_p,spatial,permutation_p,0.026,1,output/tables/common_period_spatial/common_period_global_morans_i.csv,[3],permutation_p,1991–2025,"{""operation"": ""cell"", ""filters"": {""variable"": ""days_tmax_ge_33_kma_slope"", ""representation"": ""STATION_LINKED"", ""weight_variant"": ""directed_knn_k4""}, ""scope"": ""saved estimates; unweighted station summary, not national area mean""}"
spatial_days_tmin_ge_25_kma_slope_STATION_LINKED_Moran_I,spatial,Moran_I,0.3340661735758644,1,output/tables/common_period_spatial/common_period_global_morans_i.csv,[4],Moran_I,1991–2025,"{""operation"": ""cell"", ""filters"": {""variable"": ""days_tmin_ge_25_kma_slope"", ""representation"": ""STATION_LINKED"", ""weight_variant"": ""directed_knn_k4""}, ""scope"": ""saved estimates; unweighted station summary, not national area mean""}"
spatial_days_tmin_ge_25_kma_slope_STATION_LINKED_n_spatial_units,spatial,n_spatial_units,51,spatial units,output/tables/common_period_spatial/common_period_global_morans_i.csv,[4],n_spatial_units,1991–2025,"{""operation"": ""cell"", ""filters"": {""variable"": ""days_tmin_ge_25_kma_slope"", ""representation"": ""STATION_LINKED"", ""weight_variant"": ""directed_knn_k4""}, ""scope"": ""saved estimates; unweighted station summary, not national area mean""}"
spatial_days_tmin_ge_25_kma_slope_STATION_LINKED_permutation_p,spatial,permutation_p,0.001,1,output/tables/common_period_spatial/common_period_global_morans_i.csv,[4],permutation_p,1991–2025,"{""operation"": ""cell"", ""filters"": {""variable"": ""days_tmin_ge_25_kma_slope"", ""representation"": ""STATION_LINKED"", ""weight_variant"": ""directed_knn_k4""}, ""scope"": ""saved estimates; unweighted station summary, not national area mean""}"
spatial_dtr_slope_STATION_LINKED_Moran_I,spatial,Moran_I,-0.0638117984200101,1,output/tables/common_period_spatial/common_period_global_morans_i.csv,[6],Moran_I,1991–2025,"{""operation"": ""cell"", ""filters"": {""variable"": ""dtr_slope"", ""representation"": ""STATION_LINKED"", ""weight_variant"": ""directed_knn_k4""}, ""scope"": ""saved estimates; unweighted station summary, not national area mean""}"
spatial_dtr_slope_STATION_LINKED_n_spatial_units,spatial,n_spatial_units,51,spatial units,output/tables/common_period_spatial/common_period_global_morans_i.csv,[6],n_spatial_units,1991–2025,"{""operation"": ""cell"", ""filters"": {""variable"": ""dtr_slope"", ""representation"": ""STATION_LINKED"", ""weight_variant"": ""directed_knn_k4""}, ""scope"": ""saved estimates; unweighted station summary, not national area mean""}"
spatial_dtr_slope_STATION_LINKED_permutation_p,spatial,permutation_p,0.616,1,output/tables/common_period_spatial/common_period_global_morans_i.csv,[6],permutation_p,1991–2025,"{""operation"": ""cell"", ""filters"": {""variable"": ""dtr_slope"", ""representation"": ""STATION_LINKED"", ""weight_variant"": ""directed_knn_k4""}, ""scope"": ""saved estimates; unweighted station summary, not national area mean""}"
spatial_kma_tavg_sen_slope_STATION_LINKED_Moran_I,spatial,Moran_I,0.1098387126967001,1,output/tables/common_period_spatial/common_period_global_morans_i.csv,[0],Moran_I,1991–2025,"{""operation"": ""cell"", ""filters"": {""variable"": ""kma_tavg_sen_slope"", ""representation"": ""STATION_LINKED"", ""weight_variant"": ""directed_knn_k4""}, ""scope"": ""saved estimates; unweighted station summary, not national area mean""}"
spatial_kma_tavg_sen_slope_STATION_LINKED_n_spatial_units,spatial,n_spatial_units,51,spatial units,output/tables/common_period_spatial/common_period_global_morans_i.csv,[0],n_spatial_units,1991–2025,"{""operation"": ""cell"", ""filters"": {""variable"": ""kma_tavg_sen_slope"", ""representation"": ""STATION_LINKED"", ""weight_variant"": ""directed_knn_k4""}, ""scope"": ""saved estimates; unweighted station summary, not national area mean""}"
spatial_kma_tavg_sen_slope_STATION_LINKED_permutation_p,spatial,permutation_p,0.133,1,output/tables/common_period_spatial/common_period_global_morans_i.csv,[0],permutation_p,1991–2025,"{""operation"": ""cell"", ""filters"": {""variable"": ""kma_tavg_sen_slope"", ""representation"": ""STATION_LINKED"", ""weight_variant"": ""directed_knn_k4""}, ""scope"": ""saved estimates; unweighted station summary, not national area mean""}"
spatial_kma_tmax_sen_slope_STATION_LINKED_Moran_I,spatial,Moran_I,-0.152088475724083,1,output/tables/common_period_spatial/common_period_global_morans_i.csv,[1],Moran_I,1991–2025,"{""operation"": ""cell"", ""filters"": {""variable"": ""kma_tmax_sen_slope"", ""representation"": ""STATION_LINKED"", ""weight_variant"": ""directed_knn_k4""}, ""scope"": ""saved estimates; unweighted station summary, not national area mean""}"
spatial_kma_tmax_sen_slope_STATION_LINKED_n_spatial_units,spatial,n_spatial_units,51,spatial units,output/tables/common_period_spatial/common_period_global_morans_i.csv,[1],n_spatial_units,1991–2025,"{""operation"": ""cell"", ""filters"": {""variable"": ""kma_tmax_sen_slope"", ""representation"": ""STATION_LINKED"", ""weight_variant"": ""directed_knn_k4""}, ""scope"": ""saved estimates; unweighted station summary, not national area mean""}"
spatial_kma_tmax_sen_slope_STATION_LINKED_permutation_p,spatial,permutation_p,0.102,1,output/tables/common_period_spatial/common_period_global_morans_i.csv,[1],permutation_p,1991–2025,"{""operation"": ""cell"", ""filters"": {""variable"": ""kma_tmax_sen_slope"", ""representation"": ""STATION_LINKED"", ""weight_variant"": ""directed_knn_k4""}, ""scope"": ""saved estimates; unweighted station summary, not national area mean""}"
spatial_kma_tmin_sen_slope_STATION_LINKED_Moran_I,spatial,Moran_I,0.0903480138353566,1,output/tables/common_period_spatial/common_period_global_morans_i.csv,[2],Moran_I,1991–2025,"{""operation"": ""cell"", ""filters"": {""variable"": ""kma_tmin_sen_slope"", ""representation"": ""STATION_LINKED"", ""weight_variant"": ""directed_knn_k4""}, ""scope"": ""saved estimates; unweighted station summary, not national area mean""}"
spatial_kma_tmin_sen_slope_STATION_LINKED_n_spatial_units,spatial,n_spatial_units,51,spatial units,output/tables/common_period_spatial/common_period_global_morans_i.csv,[2],n_spatial_units,1991–2025,"{""operation"": ""cell"", ""filters"": {""variable"": ""kma_tmin_sen_slope"", ""representation"": ""STATION_LINKED"", ""weight_variant"": ""directed_knn_k4""}, ""scope"": ""saved estimates; unweighted station summary, not national area mean""}"
spatial_kma_tmin_sen_slope_STATION_LINKED_permutation_p,spatial,permutation_p,0.18,1,output/tables/common_period_spatial/common_period_global_morans_i.csv,[2],permutation_p,1991–2025,"{""operation"": ""cell"", ""filters"": {""variable"": ""kma_tmin_sen_slope"", ""representation"": ""STATION_LINKED"", ""weight_variant"": ""directed_knn_k4""}, ""scope"": ""saved estimates; unweighted station summary, not national area mean""}"
spatial_nasa_25c_sen_slope_STATION_LINKED_Moran_I,spatial,Moran_I,0.4152309601397789,1,output/tables/common_period_spatial/common_period_global_morans_i.csv,[85],Moran_I,1991–2025,"{""operation"": ""cell"", ""filters"": {""variable"": ""nasa_25c_sen_slope"", ""representation"": ""STATION_LINKED"", ""weight_variant"": ""directed_knn_k4""}, ""scope"": ""saved estimates; unweighted station summary, not national area mean""}"
spatial_nasa_25c_sen_slope_STATION_LINKED_n_spatial_units,spatial,n_spatial_units,51,spatial units,output/tables/common_period_spatial/common_period_global_morans_i.csv,[85],n_spatial_units,1991–2025,"{""operation"": ""cell"", ""filters"": {""variable"": ""nasa_25c_sen_slope"", ""representation"": ""STATION_LINKED"", ""weight_variant"": ""directed_knn_k4""}, ""scope"": ""saved estimates; unweighted station summary, not national area mean""}"
spatial_nasa_25c_sen_slope_STATION_LINKED_permutation_p,spatial,permutation_p,0.001,1,output/tables/common_period_spatial/common_period_global_morans_i.csv,[85],permutation_p,1991–2025,"{""operation"": ""cell"", ""filters"": {""variable"": ""nasa_25c_sen_slope"", ""representation"": ""STATION_LINKED"", ""weight_variant"": ""directed_knn_k4""}, ""scope"": ""saved estimates; unweighted station summary, not national area mean""}"
spatial_nasa_25c_sen_slope_UNIQUE_GRID_Moran_I,spatial,Moran_I,0.2712526960606261,1,output/tables/common_period_spatial/common_period_global_morans_i.csv,[130],Moran_I,1991–2025,"{""operation"": ""cell"", ""filters"": {""variable"": ""nasa_25c_sen_slope"", ""representation"": ""UNIQUE_GRID"", ""weight_variant"": ""directed_knn_k4""}, ""scope"": ""saved estimates; unweighted station summary, not national area mean""}"
spatial_nasa_25c_sen_slope_UNIQUE_GRID_n_spatial_units,spatial,n_spatial_units,34,spatial units,output/tables/common_period_spatial/common_period_global_morans_i.csv,[130],n_spatial_units,1991–2025,"{""operation"": ""cell"", ""filters"": {""variable"": ""nasa_25c_sen_slope"", ""representation"": ""UNIQUE_GRID"", ""weight_variant"": ""directed_knn_k4""}, ""scope"": ""saved estimates; unweighted station summary, not national area mean""}"
spatial_nasa_25c_sen_slope_UNIQUE_GRID_permutation_p,spatial,permutation_p,0.007,1,output/tables/common_period_spatial/common_period_global_morans_i.csv,[130],permutation_p,1991–2025,"{""operation"": ""cell"", ""filters"": {""variable"": ""nasa_25c_sen_slope"", ""representation"": ""UNIQUE_GRID"", ""weight_variant"": ""directed_knn_k4""}, ""scope"": ""saved estimates; unweighted station summary, not national area mean""}"
spatial_nasa_33c_sen_slope_STATION_LINKED_Moran_I,spatial,Moran_I,0.446210004242579,1,output/tables/common_period_spatial/common_period_global_morans_i.csv,[84],Moran_I,1991–2025,"{""operation"": ""cell"", ""filters"": {""variable"": ""nasa_33c_sen_slope"", ""representation"": ""STATION_LINKED"", ""weight_variant"": ""directed_knn_k4""}, ""scope"": ""saved estimates; unweighted station summary, not national area mean""}"
spatial_nasa_33c_sen_slope_STATION_LINKED_n_spatial_units,spatial,n_spatial_units,51,spatial units,output/tables/common_period_spatial/common_period_global_morans_i.csv,[84],n_spatial_units,1991–2025,"{""operation"": ""cell"", ""filters"": {""variable"": ""nasa_33c_sen_slope"", ""representation"": ""STATION_LINKED"", ""weight_variant"": ""directed_knn_k4""}, ""scope"": ""saved estimates; unweighted station summary, not national area mean""}"
spatial_nasa_33c_sen_slope_STATION_LINKED_permutation_p,spatial,permutation_p,0.001,1,output/tables/common_period_spatial/common_period_global_morans_i.csv,[84],permutation_p,1991–2025,"{""operation"": ""cell"", ""filters"": {""variable"": ""nasa_33c_sen_slope"", ""representation"": ""STATION_LINKED"", ""weight_variant"": ""directed_knn_k4""}, ""scope"": ""saved estimates; unweighted station summary, not national area mean""}"
spatial_nasa_33c_sen_slope_UNIQUE_GRID_Moran_I,spatial,Moran_I,0.3048760502728429,1,output/tables/common_period_spatial/common_period_global_morans_i.csv,[129],Moran_I,1991–2025,"{""operation"": ""cell"", ""filters"": {""variable"": ""nasa_33c_sen_slope"", ""representation"": ""UNIQUE_GRID"", ""weight_variant"": ""directed_knn_k4""}, ""scope"": ""saved estimates; unweighted station summary, not national area mean""}"
spatial_nasa_33c_sen_slope_UNIQUE_GRID_n_spatial_units,spatial,n_spatial_units,34,spatial units,output/tables/common_period_spatial/common_period_global_morans_i.csv,[129],n_spatial_units,1991–2025,"{""operation"": ""cell"", ""filters"": {""variable"": ""nasa_33c_sen_slope"", ""representation"": ""UNIQUE_GRID"", ""weight_variant"": ""directed_knn_k4""}, ""scope"": ""saved estimates; unweighted station summary, not national area mean""}"
spatial_nasa_33c_sen_slope_UNIQUE_GRID_permutation_p,spatial,permutation_p,0.001,1,output/tables/common_period_spatial/common_period_global_morans_i.csv,[129],permutation_p,1991–2025,"{""operation"": ""cell"", ""filters"": {""variable"": ""nasa_33c_sen_slope"", ""representation"": ""UNIQUE_GRID"", ""weight_variant"": ""directed_knn_k4""}, ""scope"": ""saved estimates; unweighted station summary, not national area mean""}"
spatial_nasa_tavg_sen_slope_STATION_LINKED_Moran_I,spatial,Moran_I,0.8859561441932378,1,output/tables/common_period_spatial/common_period_global_morans_i.csv,[81],Moran_I,1991–2025,"{""operation"": ""cell"", ""filters"": {""variable"": ""nasa_tavg_sen_slope"", ""representation"": ""STATION_LINKED"", ""weight_variant"": ""directed_knn_k4""}, ""scope"": ""saved estimates; unweighted station summary, not national area mean""}"
spatial_nasa_tavg_sen_slope_STATION_LINKED_n_spatial_units,spatial,n_spatial_units,51,spatial units,output/tables/common_period_spatial/common_period_global_morans_i.csv,[81],n_spatial_units,1991–2025,"{""operation"": ""cell"", ""filters"": {""variable"": ""nasa_tavg_sen_slope"", ""representation"": ""STATION_LINKED"", ""weight_variant"": ""directed_knn_k4""}, ""scope"": ""saved estimates; unweighted station summary, not national area mean""}"
spatial_nasa_tavg_sen_slope_STATION_LINKED_permutation_p,spatial,permutation_p,0.001,1,output/tables/common_period_spatial/common_period_global_morans_i.csv,[81],permutation_p,1991–2025,"{""operation"": ""cell"", ""filters"": {""variable"": ""nasa_tavg_sen_slope"", ""representation"": ""STATION_LINKED"", ""weight_variant"": ""directed_knn_k4""}, ""scope"": ""saved estimates; unweighted station summary, not national area mean""}"
spatial_nasa_tavg_sen_slope_UNIQUE_GRID_Moran_I,spatial,Moran_I,0.6956858448614957,1,output/tables/common_period_spatial/common_period_global_morans_i.csv,[126],Moran_I,1991–2025,"{""operation"": ""cell"", ""filters"": {""variable"": ""nasa_tavg_sen_slope"", ""representation"": ""UNIQUE_GRID"", ""weight_variant"": ""directed_knn_k4""}, ""scope"": ""saved estimates; unweighted station summary, not national area mean""}"
spatial_nasa_tavg_sen_slope_UNIQUE_GRID_n_spatial_units,spatial,n_spatial_units,34,spatial units,output/tables/common_period_spatial/common_period_global_morans_i.csv,[126],n_spatial_units,1991–2025,"{""operation"": ""cell"", ""filters"": {""variable"": ""nasa_tavg_sen_slope"", ""representation"": ""UNIQUE_GRID"", ""weight_variant"": ""directed_knn_k4""}, ""scope"": ""saved estimates; unweighted station summary, not national area mean""}"
spatial_nasa_tavg_sen_slope_UNIQUE_GRID_permutation_p,spatial,permutation_p,0.001,1,output/tables/common_period_spatial/common_period_global_morans_i.csv,[126],permutation_p,1991–2025,"{""operation"": ""cell"", ""filters"": {""variable"": ""nasa_tavg_sen_slope"", ""representation"": ""UNIQUE_GRID"", ""weight_variant"": ""directed_knn_k4""}, ""scope"": ""saved estimates; unweighted station summary, not national area mean""}"
spatial_nasa_tmax_sen_slope_STATION_LINKED_Moran_I,spatial,Moran_I,0.864134264296147,1,output/tables/common_period_spatial/common_period_global_morans_i.csv,[82],Moran_I,1991–2025,"{""operation"": ""cell"", ""filters"": {""variable"": ""nasa_tmax_sen_slope"", ""representation"": ""STATION_LINKED"", ""weight_variant"": ""directed_knn_k4""}, ""scope"": ""saved estimates; unweighted station summary, not national area mean""}"
spatial_nasa_tmax_sen_slope_STATION_LINKED_n_spatial_units,spatial,n_spatial_units,51,spatial units,output/tables/common_period_spatial/common_period_global_morans_i.csv,[82],n_spatial_units,1991–2025,"{""operation"": ""cell"", ""filters"": {""variable"": ""nasa_tmax_sen_slope"", ""representation"": ""STATION_LINKED"", ""weight_variant"": ""directed_knn_k4""}, ""scope"": ""saved estimates; unweighted station summary, not national area mean""}"
spatial_nasa_tmax_sen_slope_STATION_LINKED_permutation_p,spatial,permutation_p,0.001,1,output/tables/common_period_spatial/common_period_global_morans_i.csv,[82],permutation_p,1991–2025,"{""operation"": ""cell"", ""filters"": {""variable"": ""nasa_tmax_sen_slope"", ""representation"": ""STATION_LINKED"", ""weight_variant"": ""directed_knn_k4""}, ""scope"": ""saved estimates; unweighted station summary, not national area mean""}"
spatial_nasa_tmax_sen_slope_UNIQUE_GRID_Moran_I,spatial,Moran_I,0.6656683755281824,1,output/tables/common_period_spatial/common_period_global_morans_i.csv,[127],Moran_I,1991–2025,"{""operation"": ""cell"", ""filters"": {""variable"": ""nasa_tmax_sen_slope"", ""representation"": ""UNIQUE_GRID"", ""weight_variant"": ""directed_knn_k4""}, ""scope"": ""saved estimates; unweighted station summary, not national area mean""}"
spatial_nasa_tmax_sen_slope_UNIQUE_GRID_n_spatial_units,spatial,n_spatial_units,34,spatial units,output/tables/common_period_spatial/common_period_global_morans_i.csv,[127],n_spatial_units,1991–2025,"{""operation"": ""cell"", ""filters"": {""variable"": ""nasa_tmax_sen_slope"", ""representation"": ""UNIQUE_GRID"", ""weight_variant"": ""directed_knn_k4""}, ""scope"": ""saved estimates; unweighted station summary, not national area mean""}"
spatial_nasa_tmax_sen_slope_UNIQUE_GRID_permutation_p,spatial,permutation_p,0.001,1,output/tables/common_period_spatial/common_period_global_morans_i.csv,[127],permutation_p,1991–2025,"{""operation"": ""cell"", ""filters"": {""variable"": ""nasa_tmax_sen_slope"", ""representation"": ""UNIQUE_GRID"", ""weight_variant"": ""directed_knn_k4""}, ""scope"": ""saved estimates; unweighted station summary, not national area mean""}"
spatial_nasa_tmin_sen_slope_STATION_LINKED_Moran_I,spatial,Moran_I,0.8767659575760692,1,output/tables/common_period_spatial/common_period_global_morans_i.csv,[83],Moran_I,1991–2025,"{""operation"": ""cell"", ""filters"": {""variable"": ""nasa_tmin_sen_slope"", ""representation"": ""STATION_LINKED"", ""weight_variant"": ""directed_knn_k4""}, ""scope"": ""saved estimates; unweighted station summary, not national area mean""}"
spatial_nasa_tmin_sen_slope_STATION_LINKED_n_spatial_units,spatial,n_spatial_units,51,spatial units,output/tables/common_period_spatial/common_period_global_morans_i.csv,[83],n_spatial_units,1991–2025,"{""operation"": ""cell"", ""filters"": {""variable"": ""nasa_tmin_sen_slope"", ""representation"": ""STATION_LINKED"", ""weight_variant"": ""directed_knn_k4""}, ""scope"": ""saved estimates; unweighted station summary, not national area mean""}"
spatial_nasa_tmin_sen_slope_STATION_LINKED_permutation_p,spatial,permutation_p,0.001,1,output/tables/common_period_spatial/common_period_global_morans_i.csv,[83],permutation_p,1991–2025,"{""operation"": ""cell"", ""filters"": {""variable"": ""nasa_tmin_sen_slope"", ""representation"": ""STATION_LINKED"", ""weight_variant"": ""directed_knn_k4""}, ""scope"": ""saved estimates; unweighted station summary, not national area mean""}"
spatial_nasa_tmin_sen_slope_UNIQUE_GRID_Moran_I,spatial,Moran_I,0.739231842497539,1,output/tables/common_period_spatial/common_period_global_morans_i.csv,[128],Moran_I,1991–2025,"{""operation"": ""cell"", ""filters"": {""variable"": ""nasa_tmin_sen_slope"", ""representation"": ""UNIQUE_GRID"", ""weight_variant"": ""directed_knn_k4""}, ""scope"": ""saved estimates; unweighted station summary, not national area mean""}"
spatial_nasa_tmin_sen_slope_UNIQUE_GRID_n_spatial_units,spatial,n_spatial_units,34,spatial units,output/tables/common_period_spatial/common_period_global_morans_i.csv,[128],n_spatial_units,1991–2025,"{""operation"": ""cell"", ""filters"": {""variable"": ""nasa_tmin_sen_slope"", ""representation"": ""UNIQUE_GRID"", ""weight_variant"": ""directed_knn_k4""}, ""scope"": ""saved estimates; unweighted station summary, not national area mean""}"
spatial_nasa_tmin_sen_slope_UNIQUE_GRID_permutation_p,spatial,permutation_p,0.001,1,output/tables/common_period_spatial/common_period_global_morans_i.csv,[128],permutation_p,1991–2025,"{""operation"": ""cell"", ""filters"": {""variable"": ""nasa_tmin_sen_slope"", ""representation"": ""UNIQUE_GRID"", ""weight_variant"": ""directed_knn_k4""}, ""scope"": ""saved estimates; unweighted station summary, not national area mean""}"
spatial_tavg_bias_STATION_LINKED_Moran_I,spatial,Moran_I,0.3047966669369089,1,output/tables/common_period_spatial/common_period_global_morans_i.csv,[7],Moran_I,1991–2025,"{""operation"": ""cell"", ""filters"": {""variable"": ""tavg_bias"", ""representation"": ""STATION_LINKED"", ""weight_variant"": ""directed_knn_k4""}, ""scope"": ""saved estimates; unweighted station summary, not national area mean""}"
spatial_tavg_bias_STATION_LINKED_n_spatial_units,spatial,n_spatial_units,51,spatial units,output/tables/common_period_spatial/common_period_global_morans_i.csv,[7],n_spatial_units,1991–2025,"{""operation"": ""cell"", ""filters"": {""variable"": ""tavg_bias"", ""representation"": ""STATION_LINKED"", ""weight_variant"": ""directed_knn_k4""}, ""scope"": ""saved estimates; unweighted station summary, not national area mean""}"
spatial_tavg_bias_STATION_LINKED_permutation_p,spatial,permutation_p,0.001,1,output/tables/common_period_spatial/common_period_global_morans_i.csv,[7],permutation_p,1991–2025,"{""operation"": ""cell"", ""filters"": {""variable"": ""tavg_bias"", ""representation"": ""STATION_LINKED"", ""weight_variant"": ""directed_knn_k4""}, ""scope"": ""saved estimates; unweighted station summary, not national area mean""}"
spatial_tavg_rmse_STATION_LINKED_Moran_I,spatial,Moran_I,0.2460916027473267,1,output/tables/common_period_spatial/common_period_global_morans_i.csv,[8],Moran_I,1991–2025,"{""operation"": ""cell"", ""filters"": {""variable"": ""tavg_rmse"", ""representation"": ""STATION_LINKED"", ""weight_variant"": ""directed_knn_k4""}, ""scope"": ""saved estimates; unweighted station summary, not national area mean""}"
spatial_tavg_rmse_STATION_LINKED_n_spatial_units,spatial,n_spatial_units,51,spatial units,output/tables/common_period_spatial/common_period_global_morans_i.csv,[8],n_spatial_units,1991–2025,"{""operation"": ""cell"", ""filters"": {""variable"": ""tavg_rmse"", ""representation"": ""STATION_LINKED"", ""weight_variant"": ""directed_knn_k4""}, ""scope"": ""saved estimates; unweighted station summary, not national area mean""}"
spatial_tavg_rmse_STATION_LINKED_permutation_p,spatial,permutation_p,0.003,1,output/tables/common_period_spatial/common_period_global_morans_i.csv,[8],permutation_p,1991–2025,"{""operation"": ""cell"", ""filters"": {""variable"": ""tavg_rmse"", ""representation"": ""STATION_LINKED"", ""weight_variant"": ""directed_knn_k4""}, ""scope"": ""saved estimates; unweighted station summary, not national area mean""}"
spatial_tmin_minus_tmax_STATION_LINKED_Moran_I,spatial,Moran_I,-0.0849001164356144,1,output/tables/common_period_spatial/common_period_global_morans_i.csv,[5],Moran_I,1991–2025,"{""operation"": ""cell"", ""filters"": {""variable"": ""tmin_minus_tmax"", ""representation"": ""STATION_LINKED"", ""weight_variant"": ""directed_knn_k4""}, ""scope"": ""saved estimates; unweighted station summary, not national area mean""}"
spatial_tmin_minus_tmax_STATION_LINKED_n_spatial_units,spatial,n_spatial_units,51,spatial units,output/tables/common_period_spatial/common_period_global_morans_i.csv,[5],n_spatial_units,1991–2025,"{""operation"": ""cell"", ""filters"": {""variable"": ""tmin_minus_tmax"", ""representation"": ""STATION_LINKED"", ""weight_variant"": ""directed_knn_k4""}, ""scope"": ""saved estimates; unweighted station summary, not national area mean""}"
spatial_tmin_minus_tmax_STATION_LINKED_permutation_p,spatial,permutation_p,0.455,1,output/tables/common_period_spatial/common_period_global_morans_i.csv,[5],permutation_p,1991–2025,"{""operation"": ""cell"", ""filters"": {""variable"": ""tmin_minus_tmax"", ""representation"": ""STATION_LINKED"", ""weight_variant"": ""directed_knn_k4""}, ""scope"": ""saved estimates; unweighted station summary, not national area mean""}"
stability_TAVG_median,stability,median,0.1744920311894327,°C/decade,output/tables/period_sensitivity/period_sensitivity_national_stability_summary.csv,[0],median,fixed Tier A; all stored windows,"{""operation"": ""cell"", ""filters"": {""source"": ""KMA"", ""metric"": ""TAVG""}, ""scope"": ""saved estimates; unweighted station summary, not national area mean""}"
stability_TAVG_positive_all_count,stability,positive_all_count,45,stations,output/tables/period_sensitivity/period_sensitivity_national_stability_summary.csv,[0],positive_all_count,fixed Tier A; all stored windows,"{""operation"": ""cell"", ""filters"": {""source"": ""KMA"", ""metric"": ""TAVG""}, ""scope"": ""saved estimates; unweighted station summary, not national area mean""}"
stability_TAVG_significant_all_count,stability,significant_all_count,42,stations,output/tables/period_sensitivity/period_sensitivity_national_stability_summary.csv,[0],significant_all_count,fixed Tier A; all stored windows,"{""operation"": ""cell"", ""filters"": {""source"": ""KMA"", ""metric"": ""TAVG""}, ""scope"": ""saved estimates; unweighted station summary, not national area mean""}"
stability_TMAX_median,stability,median,0.2397371055116659,°C/decade,output/tables/period_sensitivity/period_sensitivity_national_stability_summary.csv,[1],median,fixed Tier A; all stored windows,"{""operation"": ""cell"", ""filters"": {""source"": ""KMA"", ""metric"": ""TMAX""}, ""scope"": ""saved estimates; unweighted station summary, not national area mean""}"
stability_TMAX_positive_all_count,stability,positive_all_count,42,stations,output/tables/period_sensitivity/period_sensitivity_national_stability_summary.csv,[1],positive_all_count,fixed Tier A; all stored windows,"{""operation"": ""cell"", ""filters"": {""source"": ""KMA"", ""metric"": ""TMAX""}, ""scope"": ""saved estimates; unweighted station summary, not national area mean""}"
stability_TMAX_significant_all_count,stability,significant_all_count,34,stations,output/tables/period_sensitivity/period_sensitivity_national_stability_summary.csv,[1],significant_all_count,fixed Tier A; all stored windows,"{""operation"": ""cell"", ""filters"": {""source"": ""KMA"", ""metric"": ""TMAX""}, ""scope"": ""saved estimates; unweighted station summary, not national area mean""}"
stability_TMIN_median,stability,median,0.1714101177601534,°C/decade,output/tables/period_sensitivity/period_sensitivity_national_stability_summary.csv,[2],median,fixed Tier A; all stored windows,"{""operation"": ""cell"", ""filters"": {""source"": ""KMA"", ""metric"": ""TMIN""}, ""scope"": ""saved estimates; unweighted station summary, not national area mean""}"
stability_TMIN_positive_all_count,stability,positive_all_count,45,stations,output/tables/period_sensitivity/period_sensitivity_national_stability_summary.csv,[2],positive_all_count,fixed Tier A; all stored windows,"{""operation"": ""cell"", ""filters"": {""source"": ""KMA"", ""metric"": ""TMIN""}, ""scope"": ""saved estimates; unweighted station summary, not national area mean""}"
stability_TMIN_significant_all_count,stability,significant_all_count,41,stations,output/tables/period_sensitivity/period_sensitivity_national_stability_summary.csv,[2],significant_all_count,fixed Tier A; all stored windows,"{""operation"": ""cell"", ""filters"": {""source"": ""KMA"", ""metric"": ""TMIN""}, ""scope"": ""saved estimates; unweighted station summary, not national area mean""}"
threshold_1981_KMA_TMAX_GE_33_median,threshold,median,1.6172624237140365,days/decade,output/tables/period_sensitivity/period_sensitivity_threshold_window_summary.csv,[1],median,1981–2025,"{""operation"": ""cell"", ""filters"": {""start_year"": 1981, ""source"": ""KMA"", ""threshold"": ""TMAX_GE_33""}, ""scope"": ""saved estimates; unweighted station summary, not national area mean""}"
threshold_1981_KMA_TMAX_GE_33_positive_count,threshold,positive_count,41,stations,output/tables/period_sensitivity/period_sensitivity_threshold_window_summary.csv,[1],positive_count,1981–2025,"{""operation"": ""cell"", ""filters"": {""start_year"": 1981, ""source"": ""KMA"", ""threshold"": ""TMAX_GE_33""}, ""scope"": ""saved estimates; unweighted station summary, not national area mean""}"
threshold_1981_KMA_TMIN_GE_25_median,threshold,median,0.8759590792838876,days/decade,output/tables/period_sensitivity/period_sensitivity_threshold_window_summary.csv,[2],median,1981–2025,"{""operation"": ""cell"", ""filters"": {""start_year"": 1981, ""source"": ""KMA"", ""threshold"": ""TMIN_GE_25""}, ""scope"": ""saved estimates; unweighted station summary, not national area mean""}"
threshold_1981_KMA_TMIN_GE_25_positive_count,threshold,positive_count,31,stations,output/tables/period_sensitivity/period_sensitivity_threshold_window_summary.csv,[2],positive_count,1981–2025,"{""operation"": ""cell"", ""filters"": {""start_year"": 1981, ""source"": ""KMA"", ""threshold"": ""TMIN_GE_25""}, ""scope"": ""saved estimates; unweighted station summary, not national area mean""}"
threshold_1981_NASA_TMAX_GE_33_median,threshold,median,0.0,days/decade,output/tables/period_sensitivity/period_sensitivity_threshold_window_summary.csv,[4],median,1981–2025,"{""operation"": ""cell"", ""filters"": {""start_year"": 1981, ""source"": ""NASA"", ""threshold"": ""TMAX_GE_33""}, ""scope"": ""saved estimates; unweighted station summary, not national area mean""}"
threshold_1981_NASA_TMAX_GE_33_positive_count,threshold,positive_count,10,stations,output/tables/period_sensitivity/period_sensitivity_threshold_window_summary.csv,[4],positive_count,1981–2025,"{""operation"": ""cell"", ""filters"": {""start_year"": 1981, ""source"": ""NASA"", ""threshold"": ""TMAX_GE_33""}, ""scope"": ""saved estimates; unweighted station summary, not national area mean""}"
threshold_1981_NASA_TMIN_GE_25_median,threshold,median,0.0,days/decade,output/tables/period_sensitivity/period_sensitivity_threshold_window_summary.csv,[5],median,1981–2025,"{""operation"": ""cell"", ""filters"": {""start_year"": 1981, ""source"": ""NASA"", ""threshold"": ""TMIN_GE_25""}, ""scope"": ""saved estimates; unweighted station summary, not national area mean""}"
threshold_1981_NASA_TMIN_GE_25_positive_count,threshold,positive_count,21,stations,output/tables/period_sensitivity/period_sensitivity_threshold_window_summary.csv,[5],positive_count,1981–2025,"{""operation"": ""cell"", ""filters"": {""start_year"": 1981, ""source"": ""NASA"", ""threshold"": ""TMIN_GE_25""}, ""scope"": ""saved estimates; unweighted station summary, not national area mean""}"
threshold_1986_KMA_TMAX_GE_33_median,threshold,median,2.6794871794871793,days/decade,output/tables/period_sensitivity/period_sensitivity_threshold_window_summary.csv,[7],median,1986–2025,"{""operation"": ""cell"", ""filters"": {""start_year"": 1986, ""source"": ""KMA"", ""threshold"": ""TMAX_GE_33""}, ""scope"": ""saved estimates; unweighted station summary, not national area mean""}"
threshold_1986_KMA_TMAX_GE_33_positive_count,threshold,positive_count,42,stations,output/tables/period_sensitivity/period_sensitivity_threshold_window_summary.csv,[7],positive_count,1986–2025,"{""operation"": ""cell"", ""filters"": {""start_year"": 1986, ""source"": ""KMA"", ""threshold"": ""TMAX_GE_33""}, ""scope"": ""saved estimates; unweighted station summary, not national area mean""}"
threshold_1986_KMA_TMIN_GE_25_median,threshold,median,1.25,days/decade,output/tables/period_sensitivity/period_sensitivity_threshold_window_summary.csv,[8],median,1986–2025,"{""operation"": ""cell"", ""filters"": {""start_year"": 1986, ""source"": ""KMA"", ""threshold"": ""TMIN_GE_25""}, ""scope"": ""saved estimates; unweighted station summary, not national area mean""}"
threshold_1986_KMA_TMIN_GE_25_positive_count,threshold,positive_count,33,stations,output/tables/period_sensitivity/period_sensitivity_threshold_window_summary.csv,[8],positive_count,1986–2025,"{""operation"": ""cell"", ""filters"": {""start_year"": 1986, ""source"": ""KMA"", ""threshold"": ""TMIN_GE_25""}, ""scope"": ""saved estimates; unweighted station summary, not national area mean""}"
threshold_1986_NASA_TMAX_GE_33_median,threshold,median,0.0,days/decade,output/tables/period_sensitivity/period_sensitivity_threshold_window_summary.csv,[10],median,1986–2025,"{""operation"": ""cell"", ""filters"": {""start_year"": 1986, ""source"": ""NASA"", ""threshold"": ""TMAX_GE_33""}, ""scope"": ""saved estimates; unweighted station summary, not national area mean""}"
threshold_1986_NASA_TMAX_GE_33_positive_count,threshold,positive_count,12,stations,output/tables/period_sensitivity/period_sensitivity_threshold_window_summary.csv,[10],positive_count,1986–2025,"{""operation"": ""cell"", ""filters"": {""start_year"": 1986, ""source"": ""NASA"", ""threshold"": ""TMAX_GE_33""}, ""scope"": ""saved estimates; unweighted station summary, not national area mean""}"
threshold_1986_NASA_TMIN_GE_25_median,threshold,median,0.0,days/decade,output/tables/period_sensitivity/period_sensitivity_threshold_window_summary.csv,[11],median,1986–2025,"{""operation"": ""cell"", ""filters"": {""start_year"": 1986, ""source"": ""NASA"", ""threshold"": ""TMIN_GE_25""}, ""scope"": ""saved estimates; unweighted station summary, not national area mean""}"
threshold_1986_NASA_TMIN_GE_25_positive_count,threshold,positive_count,21,stations,output/tables/period_sensitivity/period_sensitivity_threshold_window_summary.csv,[11],positive_count,1986–2025,"{""operation"": ""cell"", ""filters"": {""start_year"": 1986, ""source"": ""NASA"", ""threshold"": ""TMIN_GE_25""}, ""scope"": ""saved estimates; unweighted station summary, not national area mean""}"
threshold_1991_KMA_TMAX_GE_33_median,threshold,median,3.1818181818181817,days/decade,output/tables/period_sensitivity/period_sensitivity_threshold_window_summary.csv,[13],median,1991–2025,"{""operation"": ""cell"", ""filters"": {""start_year"": 1991, ""source"": ""KMA"", ""threshold"": ""TMAX_GE_33""}, ""scope"": ""saved estimates; unweighted station summary, not national area mean""}"
threshold_1991_KMA_TMAX_GE_33_positive_count,threshold,positive_count,42,stations,output/tables/period_sensitivity/period_sensitivity_threshold_window_summary.csv,[13],positive_count,1991–2025,"{""operation"": ""cell"", ""filters"": {""start_year"": 1991, ""source"": ""KMA"", ""threshold"": ""TMAX_GE_33""}, ""scope"": ""saved estimates; unweighted station summary, not national area mean""}"
threshold_1991_KMA_TMIN_GE_25_median,threshold,median,1.4285714285714284,days/decade,output/tables/period_sensitivity/period_sensitivity_threshold_window_summary.csv,[14],median,1991–2025,"{""operation"": ""cell"", ""filters"": {""start_year"": 1991, ""source"": ""KMA"", ""threshold"": ""TMIN_GE_25""}, ""scope"": ""saved estimates; unweighted station summary, not national area mean""}"
threshold_1991_KMA_TMIN_GE_25_positive_count,threshold,positive_count,34,stations,output/tables/period_sensitivity/period_sensitivity_threshold_window_summary.csv,[14],positive_count,1991–2025,"{""operation"": ""cell"", ""filters"": {""start_year"": 1991, ""source"": ""KMA"", ""threshold"": ""TMIN_GE_25""}, ""scope"": ""saved estimates; unweighted station summary, not national area mean""}"
threshold_1991_NASA_TMAX_GE_33_median,threshold,median,0.0,days/decade,output/tables/period_sensitivity/period_sensitivity_threshold_window_summary.csv,[16],median,1991–2025,"{""operation"": ""cell"", ""filters"": {""start_year"": 1991, ""source"": ""NASA"", ""threshold"": ""TMAX_GE_33""}, ""scope"": ""saved estimates; unweighted station summary, not national area mean""}"
threshold_1991_NASA_TMAX_GE_33_positive_count,threshold,positive_count,13,stations,output/tables/period_sensitivity/period_sensitivity_threshold_window_summary.csv,[16],positive_count,1991–2025,"{""operation"": ""cell"", ""filters"": {""start_year"": 1991, ""source"": ""NASA"", ""threshold"": ""TMAX_GE_33""}, ""scope"": ""saved estimates; unweighted station summary, not national area mean""}"
threshold_1991_NASA_TMIN_GE_25_median,threshold,median,0.0,days/decade,output/tables/period_sensitivity/period_sensitivity_threshold_window_summary.csv,[17],median,1991–2025,"{""operation"": ""cell"", ""filters"": {""start_year"": 1991, ""source"": ""NASA"", ""threshold"": ""TMIN_GE_25""}, ""scope"": ""saved estimates; unweighted station summary, not national area mean""}"
threshold_1991_NASA_TMIN_GE_25_positive_count,threshold,positive_count,21,stations,output/tables/period_sensitivity/period_sensitivity_threshold_window_summary.csv,[17],positive_count,1991–2025,"{""operation"": ""cell"", ""filters"": {""start_year"": 1991, ""source"": ""NASA"", ""threshold"": ""TMIN_GE_25""}, ""scope"": ""saved estimates; unweighted station summary, not national area mean""}"
threshold_1996_KMA_TMAX_GE_33_median,threshold,median,3.333333333333333,days/decade,output/tables/period_sensitivity/period_sensitivity_threshold_window_summary.csv,[19],median,1996–2025,"{""operation"": ""cell"", ""filters"": {""start_year"": 1996, ""source"": ""KMA"", ""threshold"": ""TMAX_GE_33""}, ""scope"": ""saved estimates; unweighted station summary, not national area mean""}"
threshold_1996_KMA_TMAX_GE_33_positive_count,threshold,positive_count,42,stations,output/tables/period_sensitivity/period_sensitivity_threshold_window_summary.csv,[19],positive_count,1996–2025,"{""operation"": ""cell"", ""filters"": {""start_year"": 1996, ""source"": ""KMA"", ""threshold"": ""TMAX_GE_33""}, ""scope"": ""saved estimates; unweighted station summary, not national area mean""}"
threshold_1996_KMA_TMIN_GE_25_median,threshold,median,2.142857142857143,days/decade,output/tables/period_sensitivity/period_sensitivity_threshold_window_summary.csv,[20],median,1996–2025,"{""operation"": ""cell"", ""filters"": {""start_year"": 1996, ""source"": ""KMA"", ""threshold"": ""TMIN_GE_25""}, ""scope"": ""saved estimates; unweighted station summary, not national area mean""}"
threshold_1996_KMA_TMIN_GE_25_positive_count,threshold,positive_count,34,stations,output/tables/period_sensitivity/period_sensitivity_threshold_window_summary.csv,[20],positive_count,1996–2025,"{""operation"": ""cell"", ""filters"": {""start_year"": 1996, ""source"": ""KMA"", ""threshold"": ""TMIN_GE_25""}, ""scope"": ""saved estimates; unweighted station summary, not national area mean""}"
threshold_1996_NASA_TMAX_GE_33_median,threshold,median,0.0,days/decade,output/tables/period_sensitivity/period_sensitivity_threshold_window_summary.csv,[22],median,1996–2025,"{""operation"": ""cell"", ""filters"": {""start_year"": 1996, ""source"": ""NASA"", ""threshold"": ""TMAX_GE_33""}, ""scope"": ""saved estimates; unweighted station summary, not national area mean""}"
threshold_1996_NASA_TMAX_GE_33_positive_count,threshold,positive_count,16,stations,output/tables/period_sensitivity/period_sensitivity_threshold_window_summary.csv,[22],positive_count,1996–2025,"{""operation"": ""cell"", ""filters"": {""start_year"": 1996, ""source"": ""NASA"", ""threshold"": ""TMAX_GE_33""}, ""scope"": ""saved estimates; unweighted station summary, not national area mean""}"
threshold_1996_NASA_TMIN_GE_25_median,threshold,median,0.0,days/decade,output/tables/period_sensitivity/period_sensitivity_threshold_window_summary.csv,[23],median,1996–2025,"{""operation"": ""cell"", ""filters"": {""start_year"": 1996, ""source"": ""NASA"", ""threshold"": ""TMIN_GE_25""}, ""scope"": ""saved estimates; unweighted station summary, not national area mean""}"
threshold_1996_NASA_TMIN_GE_25_positive_count,threshold,positive_count,21,stations,output/tables/period_sensitivity/period_sensitivity_threshold_window_summary.csv,[23],positive_count,1996–2025,"{""operation"": ""cell"", ""filters"": {""start_year"": 1996, ""source"": ""NASA"", ""threshold"": ""TMIN_GE_25""}, ""scope"": ""saved estimates; unweighted station summary, not national area mean""}"
threshold_2001_KMA_TMAX_GE_33_median,threshold,median,4.52991452991453,days/decade,output/tables/period_sensitivity/period_sensitivity_threshold_window_summary.csv,[25],median,2001–2025,"{""operation"": ""cell"", ""filters"": {""start_year"": 2001, ""source"": ""KMA"", ""threshold"": ""TMAX_GE_33""}, ""scope"": ""saved estimates; unweighted station summary, not national area mean""}"
threshold_2001_KMA_TMAX_GE_33_positive_count,threshold,positive_count,42,stations,output/tables/period_sensitivity/period_sensitivity_threshold_window_summary.csv,[25],positive_count,2001–2025,"{""operation"": ""cell"", ""filters"": {""start_year"": 2001, ""source"": ""KMA"", ""threshold"": ""TMAX_GE_33""}, ""scope"": ""saved estimates; unweighted station summary, not national area mean""}"
threshold_2001_KMA_TMIN_GE_25_median,threshold,median,3.333333333333333,days/decade,output/tables/period_sensitivity/period_sensitivity_threshold_window_summary.csv,[26],median,2001–2025,"{""operation"": ""cell"", ""filters"": {""start_year"": 2001, ""source"": ""KMA"", ""threshold"": ""TMIN_GE_25""}, ""scope"": ""saved estimates; unweighted station summary, not national area mean""}"
threshold_2001_KMA_TMIN_GE_25_positive_count,threshold,positive_count,36,stations,output/tables/period_sensitivity/period_sensitivity_threshold_window_summary.csv,[26],positive_count,2001–2025,"{""operation"": ""cell"", ""filters"": {""start_year"": 2001, ""source"": ""KMA"", ""threshold"": ""TMIN_GE_25""}, ""scope"": ""saved estimates; unweighted station summary, not national area mean""}"
threshold_2001_NASA_TMAX_GE_33_median,threshold,median,0.0,days/decade,output/tables/period_sensitivity/period_sensitivity_threshold_window_summary.csv,[28],median,2001–2025,"{""operation"": ""cell"", ""filters"": {""start_year"": 2001, ""source"": ""NASA"", ""threshold"": ""TMAX_GE_33""}, ""scope"": ""saved estimates; unweighted station summary, not national area mean""}"
threshold_2001_NASA_TMAX_GE_33_positive_count,threshold,positive_count,20,stations,output/tables/period_sensitivity/period_sensitivity_threshold_window_summary.csv,[28],positive_count,2001–2025,"{""operation"": ""cell"", ""filters"": {""start_year"": 2001, ""source"": ""NASA"", ""threshold"": ""TMAX_GE_33""}, ""scope"": ""saved estimates; unweighted station summary, not national area mean""}"
threshold_2001_NASA_TMIN_GE_25_median,threshold,median,0.0,days/decade,output/tables/period_sensitivity/period_sensitivity_threshold_window_summary.csv,[29],median,2001–2025,"{""operation"": ""cell"", ""filters"": {""start_year"": 2001, ""source"": ""NASA"", ""threshold"": ""TMIN_GE_25""}, ""scope"": ""saved estimates; unweighted station summary, not national area mean""}"
threshold_2001_NASA_TMIN_GE_25_positive_count,threshold,positive_count,21,stations,output/tables/period_sensitivity/period_sensitivity_threshold_window_summary.csv,[29],positive_count,2001–2025,"{""operation"": ""cell"", ""filters"": {""start_year"": 2001, ""source"": ""NASA"", ""threshold"": ""TMIN_GE_25""}, ""scope"": ""saved estimates; unweighted station summary, not national area mean""}"
tier_a,scale,tier_a_count,45,stations,output/manifests/common_period_51station_manifest.json,tier_a_count,tier_a_count,metadata,"{""operation"": ""json_key""}"
tier_b,scale,tier_b_count,6,stations,output/manifests/common_period_51station_manifest.json,tier_b_count,tier_b_count,metadata,"{""operation"": ""json_key""}"
trajectory_days_tmax_ge_33_kma_slope_STATION_LINKED_I_1981,period_spatial,I_1981,0.2432353654984081,1,output/tables/period_sensitivity/period_sensitivity_moran_trajectory.csv,[1],I_1981,fixed Tier A; stored windows,"{""operation"": ""cell"", ""filters"": {""variable"": ""days_tmax_ge_33_kma_slope"", ""representation"": ""STATION_LINKED"", ""weight_variant"": ""directed_knn_k4""}, ""scope"": ""saved estimates; unweighted station summary, not national area mean""}"
trajectory_days_tmax_ge_33_kma_slope_STATION_LINKED_I_1991,period_spatial,I_1991,0.0983913423585732,1,output/tables/period_sensitivity/period_sensitivity_moran_trajectory.csv,[1],I_1991,fixed Tier A; stored windows,"{""operation"": ""cell"", ""filters"": {""variable"": ""days_tmax_ge_33_kma_slope"", ""representation"": ""STATION_LINKED"", ""weight_variant"": ""directed_knn_k4""}, ""scope"": ""saved estimates; unweighted station summary, not national area mean""}"
trajectory_days_tmax_ge_33_kma_slope_STATION_LINKED_I_2001,period_spatial,I_2001,0.0486627518146537,1,output/tables/period_sensitivity/period_sensitivity_moran_trajectory.csv,[1],I_2001,fixed Tier A; stored windows,"{""operation"": ""cell"", ""filters"": {""variable"": ""days_tmax_ge_33_kma_slope"", ""representation"": ""STATION_LINKED"", ""weight_variant"": ""directed_knn_k4""}, ""scope"": ""saved estimates; unweighted station summary, not national area mean""}"
trajectory_days_tmax_ge_33_kma_slope_STATION_LINKED_p_1981,period_spatial,p_1981,0.005,1,output/tables/period_sensitivity/period_sensitivity_moran_trajectory.csv,[1],p_1981,fixed Tier A; stored windows,"{""operation"": ""cell"", ""filters"": {""variable"": ""days_tmax_ge_33_kma_slope"", ""representation"": ""STATION_LINKED"", ""weight_variant"": ""directed_knn_k4""}, ""scope"": ""saved estimates; unweighted station summary, not national area mean""}"
trajectory_days_tmax_ge_33_kma_slope_STATION_LINKED_p_1991,period_spatial,p_1991,0.189,1,output/tables/period_sensitivity/period_sensitivity_moran_trajectory.csv,[1],p_1991,fixed Tier A; stored windows,"{""operation"": ""cell"", ""filters"": {""variable"": ""days_tmax_ge_33_kma_slope"", ""representation"": ""STATION_LINKED"", ""weight_variant"": ""directed_knn_k4""}, ""scope"": ""saved estimates; unweighted station summary, not national area mean""}"
trajectory_days_tmax_ge_33_kma_slope_STATION_LINKED_p_2001,period_spatial,p_2001,0.451,1,output/tables/period_sensitivity/period_sensitivity_moran_trajectory.csv,[1],p_2001,fixed Tier A; stored windows,"{""operation"": ""cell"", ""filters"": {""variable"": ""days_tmax_ge_33_kma_slope"", ""representation"": ""STATION_LINKED"", ""weight_variant"": ""directed_knn_k4""}, ""scope"": ""saved estimates; unweighted station summary, not national area mean""}"
trajectory_days_tmax_ge_33_kma_slope_STATION_LINKED_period_robustness,period_spatial,period_robustness,"""DIRECTION_SENSITIVE""",1,output/tables/period_sensitivity/period_sensitivity_moran_trajectory.csv,[1],period_robustness,fixed Tier A; stored windows,"{""operation"": ""cell"", ""filters"": {""variable"": ""days_tmax_ge_33_kma_slope"", ""representation"": ""STATION_LINKED"", ""weight_variant"": ""directed_knn_k4""}, ""scope"": ""saved estimates; unweighted station summary, not national area mean""}"
trajectory_days_tmax_ge_33_kma_slope_STATION_LINKED_significant_window_count,period_spatial,significant_window_count,2,1,output/tables/period_sensitivity/period_sensitivity_moran_trajectory.csv,[1],significant_window_count,fixed Tier A; stored windows,"{""operation"": ""cell"", ""filters"": {""variable"": ""days_tmax_ge_33_kma_slope"", ""representation"": ""STATION_LINKED"", ""weight_variant"": ""directed_knn_k4""}, ""scope"": ""saved estimates; unweighted station summary, not national area mean""}"
trajectory_days_tmin_ge_25_kma_slope_STATION_LINKED_I_1981,period_spatial,I_1981,0.1953431714989972,1,output/tables/period_sensitivity/period_sensitivity_moran_trajectory.csv,[6],I_1981,fixed Tier A; stored windows,"{""operation"": ""cell"", ""filters"": {""variable"": ""days_tmin_ge_25_kma_slope"", ""representation"": ""STATION_LINKED"", ""weight_variant"": ""directed_knn_k4""}, ""scope"": ""saved estimates; unweighted station summary, not national area mean""}"
trajectory_days_tmin_ge_25_kma_slope_STATION_LINKED_I_1991,period_spatial,I_1991,0.220958167727448,1,output/tables/period_sensitivity/period_sensitivity_moran_trajectory.csv,[6],I_1991,fixed Tier A; stored windows,"{""operation"": ""cell"", ""filters"": {""variable"": ""days_tmin_ge_25_kma_slope"", ""representation"": ""STATION_LINKED"", ""weight_variant"": ""directed_knn_k4""}, ""scope"": ""saved estimates; unweighted station summary, not national area mean""}"
trajectory_days_tmin_ge_25_kma_slope_STATION_LINKED_I_2001,period_spatial,I_2001,0.2482473692005041,1,output/tables/period_sensitivity/period_sensitivity_moran_trajectory.csv,[6],I_2001,fixed Tier A; stored windows,"{""operation"": ""cell"", ""filters"": {""variable"": ""days_tmin_ge_25_kma_slope"", ""representation"": ""STATION_LINKED"", ""weight_variant"": ""directed_knn_k4""}, ""scope"": ""saved estimates; unweighted station summary, not national area mean""}"
trajectory_days_tmin_ge_25_kma_slope_STATION_LINKED_p_1981,period_spatial,p_1981,0.025,1,output/tables/period_sensitivity/period_sensitivity_moran_trajectory.csv,[6],p_1981,fixed Tier A; stored windows,"{""operation"": ""cell"", ""filters"": {""variable"": ""days_tmin_ge_25_kma_slope"", ""representation"": ""STATION_LINKED"", ""weight_variant"": ""directed_knn_k4""}, ""scope"": ""saved estimates; unweighted station summary, not national area mean""}"
trajectory_days_tmin_ge_25_kma_slope_STATION_LINKED_p_1991,period_spatial,p_1991,0.022,1,output/tables/period_sensitivity/period_sensitivity_moran_trajectory.csv,[6],p_1991,fixed Tier A; stored windows,"{""operation"": ""cell"", ""filters"": {""variable"": ""days_tmin_ge_25_kma_slope"", ""representation"": ""STATION_LINKED"", ""weight_variant"": ""directed_knn_k4""}, ""scope"": ""saved estimates; unweighted station summary, not national area mean""}"
trajectory_days_tmin_ge_25_kma_slope_STATION_LINKED_p_2001,period_spatial,p_2001,0.007,1,output/tables/period_sensitivity/period_sensitivity_moran_trajectory.csv,[6],p_2001,fixed Tier A; stored windows,"{""operation"": ""cell"", ""filters"": {""variable"": ""days_tmin_ge_25_kma_slope"", ""representation"": ""STATION_LINKED"", ""weight_variant"": ""directed_knn_k4""}, ""scope"": ""saved estimates; unweighted station summary, not national area mean""}"
trajectory_days_tmin_ge_25_kma_slope_STATION_LINKED_period_robustness,period_spatial,period_robustness,"""SPATIALLY_STABLE_POSITIVE""",1,output/tables/period_sensitivity/period_sensitivity_moran_trajectory.csv,[6],period_robustness,fixed Tier A; stored windows,"{""operation"": ""cell"", ""filters"": {""variable"": ""days_tmin_ge_25_kma_slope"", ""representation"": ""STATION_LINKED"", ""weight_variant"": ""directed_knn_k4""}, ""scope"": ""saved estimates; unweighted station summary, not national area mean""}"
trajectory_days_tmin_ge_25_kma_slope_STATION_LINKED_significant_window_count,period_spatial,significant_window_count,5,1,output/tables/period_sensitivity/period_sensitivity_moran_trajectory.csv,[6],significant_window_count,fixed Tier A; stored windows,"{""operation"": ""cell"", ""filters"": {""variable"": ""days_tmin_ge_25_kma_slope"", ""representation"": ""STATION_LINKED"", ""weight_variant"": ""directed_knn_k4""}, ""scope"": ""saved estimates; unweighted station summary, not national area mean""}"
trajectory_dtr_slope_STATION_LINKED_I_1981,period_spatial,I_1981,-0.0905215347299348,1,output/tables/period_sensitivity/period_sensitivity_moran_trajectory.csv,[11],I_1981,fixed Tier A; stored windows,"{""operation"": ""cell"", ""filters"": {""variable"": ""dtr_slope"", ""representation"": ""STATION_LINKED"", ""weight_variant"": ""directed_knn_k4""}, ""scope"": ""saved estimates; unweighted station summary, not national area mean""}"
trajectory_dtr_slope_STATION_LINKED_I_1991,period_spatial,I_1991,-0.0240505352022189,1,output/tables/period_sensitivity/period_sensitivity_moran_trajectory.csv,[11],I_1991,fixed Tier A; stored windows,"{""operation"": ""cell"", ""filters"": {""variable"": ""dtr_slope"", ""representation"": ""STATION_LINKED"", ""weight_variant"": ""directed_knn_k4""}, ""scope"": ""saved estimates; unweighted station summary, not national area mean""}"
trajectory_dtr_slope_STATION_LINKED_I_2001,period_spatial,I_2001,-0.0261112156013465,1,output/tables/period_sensitivity/period_sensitivity_moran_trajectory.csv,[11],I_2001,fixed Tier A; stored windows,"{""operation"": ""cell"", ""filters"": {""variable"": ""dtr_slope"", ""representation"": ""STATION_LINKED"", ""weight_variant"": ""directed_knn_k4""}, ""scope"": ""saved estimates; unweighted station summary, not national area mean""}"
trajectory_dtr_slope_STATION_LINKED_p_1981,period_spatial,p_1981,0.447,1,output/tables/period_sensitivity/period_sensitivity_moran_trajectory.csv,[11],p_1981,fixed Tier A; stored windows,"{""operation"": ""cell"", ""filters"": {""variable"": ""dtr_slope"", ""representation"": ""STATION_LINKED"", ""weight_variant"": ""directed_knn_k4""}, ""scope"": ""saved estimates; unweighted station summary, not national area mean""}"
trajectory_dtr_slope_STATION_LINKED_p_1991,period_spatial,p_1991,0.987,1,output/tables/period_sensitivity/period_sensitivity_moran_trajectory.csv,[11],p_1991,fixed Tier A; stored windows,"{""operation"": ""cell"", ""filters"": {""variable"": ""dtr_slope"", ""representation"": ""STATION_LINKED"", ""weight_variant"": ""directed_knn_k4""}, ""scope"": ""saved estimates; unweighted station summary, not national area mean""}"
trajectory_dtr_slope_STATION_LINKED_p_2001,period_spatial,p_2001,0.964,1,output/tables/period_sensitivity/period_sensitivity_moran_trajectory.csv,[11],p_2001,fixed Tier A; stored windows,"{""operation"": ""cell"", ""filters"": {""variable"": ""dtr_slope"", ""representation"": ""STATION_LINKED"", ""weight_variant"": ""directed_knn_k4""}, ""scope"": ""saved estimates; unweighted station summary, not national area mean""}"
trajectory_dtr_slope_STATION_LINKED_period_robustness,period_spatial,period_robustness,"""DIRECTION_SENSITIVE""",1,output/tables/period_sensitivity/period_sensitivity_moran_trajectory.csv,[11],period_robustness,fixed Tier A; stored windows,"{""operation"": ""cell"", ""filters"": {""variable"": ""dtr_slope"", ""representation"": ""STATION_LINKED"", ""weight_variant"": ""directed_knn_k4""}, ""scope"": ""saved estimates; unweighted station summary, not national area mean""}"
trajectory_dtr_slope_STATION_LINKED_significant_window_count,period_spatial,significant_window_count,0,1,output/tables/period_sensitivity/period_sensitivity_moran_trajectory.csv,[11],significant_window_count,fixed Tier A; stored windows,"{""operation"": ""cell"", ""filters"": {""variable"": ""dtr_slope"", ""representation"": ""STATION_LINKED"", ""weight_variant"": ""directed_knn_k4""}, ""scope"": ""saved estimates; unweighted station summary, not national area mean""}"
trajectory_kma_tavg_sen_slope_STATION_LINKED_I_1981,period_spatial,I_1981,0.157642541900916,1,output/tables/period_sensitivity/period_sensitivity_moran_trajectory.csv,[16],I_1981,fixed Tier A; stored windows,"{""operation"": ""cell"", ""filters"": {""variable"": ""kma_tavg_sen_slope"", ""representation"": ""STATION_LINKED"", ""weight_variant"": ""directed_knn_k4""}, ""scope"": ""saved estimates; unweighted station summary, not national area mean""}"
trajectory_kma_tavg_sen_slope_STATION_LINKED_I_1991,period_spatial,I_1991,0.0371713548718934,1,output/tables/period_sensitivity/period_sensitivity_moran_trajectory.csv,[16],I_1991,fixed Tier A; stored windows,"{""operation"": ""cell"", ""filters"": {""variable"": ""kma_tavg_sen_slope"", ""representation"": ""STATION_LINKED"", ""weight_variant"": ""directed_knn_k4""}, ""scope"": ""saved estimates; unweighted station summary, not national area mean""}"
trajectory_kma_tavg_sen_slope_STATION_LINKED_I_2001,period_spatial,I_2001,-0.0971212672338153,1,output/tables/period_sensitivity/period_sensitivity_moran_trajectory.csv,[16],I_2001,fixed Tier A; stored windows,"{""operation"": ""cell"", ""filters"": {""variable"": ""kma_tavg_sen_slope"", ""representation"": ""STATION_LINKED"", ""weight_variant"": ""directed_knn_k4""}, ""scope"": ""saved estimates; unweighted station summary, not national area mean""}"
trajectory_kma_tavg_sen_slope_STATION_LINKED_p_1981,period_spatial,p_1981,0.043,1,output/tables/period_sensitivity/period_sensitivity_moran_trajectory.csv,[16],p_1981,fixed Tier A; stored windows,"{""operation"": ""cell"", ""filters"": {""variable"": ""kma_tavg_sen_slope"", ""representation"": ""STATION_LINKED"", ""weight_variant"": ""directed_knn_k4""}, ""scope"": ""saved estimates; unweighted station summary, not national area mean""}"
trajectory_kma_tavg_sen_slope_STATION_LINKED_p_1991,period_spatial,p_1991,0.542,1,output/tables/period_sensitivity/period_sensitivity_moran_trajectory.csv,[16],p_1991,fixed Tier A; stored windows,"{""operation"": ""cell"", ""filters"": {""variable"": ""kma_tavg_sen_slope"", ""representation"": ""STATION_LINKED"", ""weight_variant"": ""directed_knn_k4""}, ""scope"": ""saved estimates; unweighted station summary, not national area mean""}"
trajectory_kma_tavg_sen_slope_STATION_LINKED_p_2001,period_spatial,p_2001,0.411,1,output/tables/period_sensitivity/period_sensitivity_moran_trajectory.csv,[16],p_2001,fixed Tier A; stored windows,"{""operation"": ""cell"", ""filters"": {""variable"": ""kma_tavg_sen_slope"", ""representation"": ""STATION_LINKED"", ""weight_variant"": ""directed_knn_k4""}, ""scope"": ""saved estimates; unweighted station summary, not national area mean""}"
trajectory_kma_tavg_sen_slope_STATION_LINKED_period_robustness,period_spatial,period_robustness,"""DIRECTION_SENSITIVE""",1,output/tables/period_sensitivity/period_sensitivity_moran_trajectory.csv,[16],period_robustness,fixed Tier A; stored windows,"{""operation"": ""cell"", ""filters"": {""variable"": ""kma_tavg_sen_slope"", ""representation"": ""STATION_LINKED"", ""weight_variant"": ""directed_knn_k4""}, ""scope"": ""saved estimates; unweighted station summary, not national area mean""}"
trajectory_kma_tavg_sen_slope_STATION_LINKED_significant_window_count,period_spatial,significant_window_count,1,1,output/tables/period_sensitivity/period_sensitivity_moran_trajectory.csv,[16],significant_window_count,fixed Tier A; stored windows,"{""operation"": ""cell"", ""filters"": {""variable"": ""kma_tavg_sen_slope"", ""representation"": ""STATION_LINKED"", ""weight_variant"": ""directed_knn_k4""}, ""scope"": ""saved estimates; unweighted station summary, not national area mean""}"
trajectory_kma_tmax_sen_slope_STATION_LINKED_I_1981,period_spatial,I_1981,-0.1446935569554035,1,output/tables/period_sensitivity/period_sensitivity_moran_trajectory.csv,[21],I_1981,fixed Tier A; stored windows,"{""operation"": ""cell"", ""filters"": {""variable"": ""kma_tmax_sen_slope"", ""representation"": ""STATION_LINKED"", ""weight_variant"": ""directed_knn_k4""}, ""scope"": ""saved estimates; unweighted station summary, not national area mean""}"
trajectory_kma_tmax_sen_slope_STATION_LINKED_I_1991,period_spatial,I_1991,-0.1687328349948891,1,output/tables/period_sensitivity/period_sensitivity_moran_trajectory.csv,[21],I_1991,fixed Tier A; stored windows,"{""operation"": ""cell"", ""filters"": {""variable"": ""kma_tmax_sen_slope"", ""representation"": ""STATION_LINKED"", ""weight_variant"": ""directed_knn_k4""}, ""scope"": ""saved estimates; unweighted station summary, not national area mean""}"
trajectory_kma_tmax_sen_slope_STATION_LINKED_I_2001,period_spatial,I_2001,-0.175374171926989,1,output/tables/period_sensitivity/period_sensitivity_moran_trajectory.csv,[21],I_2001,fixed Tier A; stored windows,"{""operation"": ""cell"", ""filters"": {""variable"": ""kma_tmax_sen_slope"", ""representation"": ""STATION_LINKED"", ""weight_variant"": ""directed_knn_k4""}, ""scope"": ""saved estimates; unweighted station summary, not national area mean""}"
trajectory_kma_tmax_sen_slope_STATION_LINKED_p_1981,period_spatial,p_1981,0.156,1,output/tables/period_sensitivity/period_sensitivity_moran_trajectory.csv,[21],p_1981,fixed Tier A; stored windows,"{""operation"": ""cell"", ""filters"": {""variable"": ""kma_tmax_sen_slope"", ""representation"": ""STATION_LINKED"", ""weight_variant"": ""directed_knn_k4""}, ""scope"": ""saved estimates; unweighted station summary, not national area mean""}"
trajectory_kma_tmax_sen_slope_STATION_LINKED_p_1991,period_spatial,p_1991,0.094,1,output/tables/period_sensitivity/period_sensitivity_moran_trajectory.csv,[21],p_1991,fixed Tier A; stored windows,"{""operation"": ""cell"", ""filters"": {""variable"": ""kma_tmax_sen_slope"", ""representation"": ""STATION_LINKED"", ""weight_variant"": ""directed_knn_k4""}, ""scope"": ""saved estimates; unweighted station summary, not national area mean""}"
trajectory_kma_tmax_sen_slope_STATION_LINKED_p_2001,period_spatial,p_2001,0.091,1,output/tables/period_sensitivity/period_sensitivity_moran_trajectory.csv,[21],p_2001,fixed Tier A; stored windows,"{""operation"": ""cell"", ""filters"": {""variable"": ""kma_tmax_sen_slope"", ""representation"": ""STATION_LINKED"", ""weight_variant"": ""directed_knn_k4""}, ""scope"": ""saved estimates; unweighted station summary, not national area mean""}"
trajectory_kma_tmax_sen_slope_STATION_LINKED_period_robustness,period_spatial,period_robustness,"""ROBUST_NON_SIGNIFICANT""",1,output/tables/period_sensitivity/period_sensitivity_moran_trajectory.csv,[21],period_robustness,fixed Tier A; stored windows,"{""operation"": ""cell"", ""filters"": {""variable"": ""kma_tmax_sen_slope"", ""representation"": ""STATION_LINKED"", ""weight_variant"": ""directed_knn_k4""}, ""scope"": ""saved estimates; unweighted station summary, not national area mean""}"
trajectory_kma_tmax_sen_slope_STATION_LINKED_significant_window_count,period_spatial,significant_window_count,0,1,output/tables/period_sensitivity/period_sensitivity_moran_trajectory.csv,[21],significant_window_count,fixed Tier A; stored windows,"{""operation"": ""cell"", ""filters"": {""variable"": ""kma_tmax_sen_slope"", ""representation"": ""STATION_LINKED"", ""weight_variant"": ""directed_knn_k4""}, ""scope"": ""saved estimates; unweighted station summary, not national area mean""}"
trajectory_kma_tmin_sen_slope_STATION_LINKED_I_1981,period_spatial,I_1981,0.1042084313574659,1,output/tables/period_sensitivity/period_sensitivity_moran_trajectory.csv,[26],I_1981,fixed Tier A; stored windows,"{""operation"": ""cell"", ""filters"": {""variable"": ""kma_tmin_sen_slope"", ""representation"": ""STATION_LINKED"", ""weight_variant"": ""directed_knn_k4""}, ""scope"": ""saved estimates; unweighted station summary, not national area mean""}"
trajectory_kma_tmin_sen_slope_STATION_LINKED_I_1991,period_spatial,I_1991,0.0729204918076065,1,output/tables/period_sensitivity/period_sensitivity_moran_trajectory.csv,[26],I_1991,fixed Tier A; stored windows,"{""operation"": ""cell"", ""filters"": {""variable"": ""kma_tmin_sen_slope"", ""representation"": ""STATION_LINKED"", ""weight_variant"": ""directed_knn_k4""}, ""scope"": ""saved estimates; unweighted station summary, not national area mean""}"
trajectory_kma_tmin_sen_slope_STATION_LINKED_I_2001,period_spatial,I_2001,0.0047846005305972,1,output/tables/period_sensitivity/period_sensitivity_moran_trajectory.csv,[26],I_2001,fixed Tier A; stored windows,"{""operation"": ""cell"", ""filters"": {""variable"": ""kma_tmin_sen_slope"", ""representation"": ""STATION_LINKED"", ""weight_variant"": ""directed_knn_k4""}, ""scope"": ""saved estimates; unweighted station summary, not national area mean""}"
trajectory_kma_tmin_sen_slope_STATION_LINKED_p_1981,period_spatial,p_1981,0.173,1,output/tables/period_sensitivity/period_sensitivity_moran_trajectory.csv,[26],p_1981,fixed Tier A; stored windows,"{""operation"": ""cell"", ""filters"": {""variable"": ""kma_tmin_sen_slope"", ""representation"": ""STATION_LINKED"", ""weight_variant"": ""directed_knn_k4""}, ""scope"": ""saved estimates; unweighted station summary, not national area mean""}"
trajectory_kma_tmin_sen_slope_STATION_LINKED_p_1991,period_spatial,p_1991,0.294,1,output/tables/period_sensitivity/period_sensitivity_moran_trajectory.csv,[26],p_1991,fixed Tier A; stored windows,"{""operation"": ""cell"", ""filters"": {""variable"": ""kma_tmin_sen_slope"", ""representation"": ""STATION_LINKED"", ""weight_variant"": ""directed_knn_k4""}, ""scope"": ""saved estimates; unweighted station summary, not national area mean""}"
trajectory_kma_tmin_sen_slope_STATION_LINKED_p_2001,period_spatial,p_2001,0.77,1,output/tables/period_sensitivity/period_sensitivity_moran_trajectory.csv,[26],p_2001,fixed Tier A; stored windows,"{""operation"": ""cell"", ""filters"": {""variable"": ""kma_tmin_sen_slope"", ""representation"": ""STATION_LINKED"", ""weight_variant"": ""directed_knn_k4""}, ""scope"": ""saved estimates; unweighted station summary, not national area mean""}"
trajectory_kma_tmin_sen_slope_STATION_LINKED_period_robustness,period_spatial,period_robustness,"""DIRECTION_SENSITIVE""",1,output/tables/period_sensitivity/period_sensitivity_moran_trajectory.csv,[26],period_robustness,fixed Tier A; stored windows,"{""operation"": ""cell"", ""filters"": {""variable"": ""kma_tmin_sen_slope"", ""representation"": ""STATION_LINKED"", ""weight_variant"": ""directed_knn_k4""}, ""scope"": ""saved estimates; unweighted station summary, not national area mean""}"
trajectory_kma_tmin_sen_slope_STATION_LINKED_significant_window_count,period_spatial,significant_window_count,0,1,output/tables/period_sensitivity/period_sensitivity_moran_trajectory.csv,[26],significant_window_count,fixed Tier A; stored windows,"{""operation"": ""cell"", ""filters"": {""variable"": ""kma_tmin_sen_slope"", ""representation"": ""STATION_LINKED"", ""weight_variant"": ""directed_knn_k4""}, ""scope"": ""saved estimates; unweighted station summary, not national area mean""}"
trajectory_nasa_tavg_sen_slope_STATION_LINKED_I_1981,period_spatial,I_1981,0.8635110595815325,1,output/tables/period_sensitivity/period_sensitivity_moran_trajectory.csv,[36],I_1981,fixed Tier A; stored windows,"{""operation"": ""cell"", ""filters"": {""variable"": ""nasa_tavg_sen_slope"", ""representation"": ""STATION_LINKED"", ""weight_variant"": ""directed_knn_k4""}, ""scope"": ""saved estimates; unweighted station summary, not national area mean""}"
trajectory_nasa_tavg_sen_slope_STATION_LINKED_I_1991,period_spatial,I_1991,0.8817014180633831,1,output/tables/period_sensitivity/period_sensitivity_moran_trajectory.csv,[36],I_1991,fixed Tier A; stored windows,"{""operation"": ""cell"", ""filters"": {""variable"": ""nasa_tavg_sen_slope"", ""representation"": ""STATION_LINKED"", ""weight_variant"": ""directed_knn_k4""}, ""scope"": ""saved estimates; unweighted station summary, not national area mean""}"
trajectory_nasa_tavg_sen_slope_STATION_LINKED_I_2001,period_spatial,I_2001,0.918320177613749,1,output/tables/period_sensitivity/period_sensitivity_moran_trajectory.csv,[36],I_2001,fixed Tier A; stored windows,"{""operation"": ""cell"", ""filters"": {""variable"": ""nasa_tavg_sen_slope"", ""representation"": ""STATION_LINKED"", ""weight_variant"": ""directed_knn_k4""}, ""scope"": ""saved estimates; unweighted station summary, not national area mean""}"
trajectory_nasa_tavg_sen_slope_STATION_LINKED_p_1981,period_spatial,p_1981,0.001,1,output/tables/period_sensitivity/period_sensitivity_moran_trajectory.csv,[36],p_1981,fixed Tier A; stored windows,"{""operation"": ""cell"", ""filters"": {""variable"": ""nasa_tavg_sen_slope"", ""representation"": ""STATION_LINKED"", ""weight_variant"": ""directed_knn_k4""}, ""scope"": ""saved estimates; unweighted station summary, not national area mean""}"
trajectory_nasa_tavg_sen_slope_STATION_LINKED_p_1991,period_spatial,p_1991,0.001,1,output/tables/period_sensitivity/period_sensitivity_moran_trajectory.csv,[36],p_1991,fixed Tier A; stored windows,"{""operation"": ""cell"", ""filters"": {""variable"": ""nasa_tavg_sen_slope"", ""representation"": ""STATION_LINKED"", ""weight_variant"": ""directed_knn_k4""}, ""scope"": ""saved estimates; unweighted station summary, not national area mean""}"
trajectory_nasa_tavg_sen_slope_STATION_LINKED_p_2001,period_spatial,p_2001,0.001,1,output/tables/period_sensitivity/period_sensitivity_moran_trajectory.csv,[36],p_2001,fixed Tier A; stored windows,"{""operation"": ""cell"", ""filters"": {""variable"": ""nasa_tavg_sen_slope"", ""representation"": ""STATION_LINKED"", ""weight_variant"": ""directed_knn_k4""}, ""scope"": ""saved estimates; unweighted station summary, not national area mean""}"
trajectory_nasa_tavg_sen_slope_STATION_LINKED_period_robustness,period_spatial,period_robustness,"""SPATIALLY_STABLE_POSITIVE""",1,output/tables/period_sensitivity/period_sensitivity_moran_trajectory.csv,[36],period_robustness,fixed Tier A; stored windows,"{""operation"": ""cell"", ""filters"": {""variable"": ""nasa_tavg_sen_slope"", ""representation"": ""STATION_LINKED"", ""weight_variant"": ""directed_knn_k4""}, ""scope"": ""saved estimates; unweighted station summary, not national area mean""}"
trajectory_nasa_tavg_sen_slope_STATION_LINKED_significant_window_count,period_spatial,significant_window_count,5,1,output/tables/period_sensitivity/period_sensitivity_moran_trajectory.csv,[36],significant_window_count,fixed Tier A; stored windows,"{""operation"": ""cell"", ""filters"": {""variable"": ""nasa_tavg_sen_slope"", ""representation"": ""STATION_LINKED"", ""weight_variant"": ""directed_knn_k4""}, ""scope"": ""saved estimates; unweighted station summary, not national area mean""}"
trajectory_nasa_tavg_sen_slope_UNIQUE_GRID_I_1981,period_spatial,I_1981,0.6800621934868133,1,output/tables/period_sensitivity/period_sensitivity_moran_trajectory.csv,[41],I_1981,fixed Tier A; stored windows,"{""operation"": ""cell"", ""filters"": {""variable"": ""nasa_tavg_sen_slope"", ""representation"": ""UNIQUE_GRID"", ""weight_variant"": ""directed_knn_k4""}, ""scope"": ""saved estimates; unweighted station summary, not national area mean""}"
trajectory_nasa_tavg_sen_slope_UNIQUE_GRID_I_1991,period_spatial,I_1991,0.7081911978179392,1,output/tables/period_sensitivity/period_sensitivity_moran_trajectory.csv,[41],I_1991,fixed Tier A; stored windows,"{""operation"": ""cell"", ""filters"": {""variable"": ""nasa_tavg_sen_slope"", ""representation"": ""UNIQUE_GRID"", ""weight_variant"": ""directed_knn_k4""}, ""scope"": ""saved estimates; unweighted station summary, not national area mean""}"
trajectory_nasa_tavg_sen_slope_UNIQUE_GRID_I_2001,period_spatial,I_2001,0.7129958835949575,1,output/tables/period_sensitivity/period_sensitivity_moran_trajectory.csv,[41],I_2001,fixed Tier A; stored windows,"{""operation"": ""cell"", ""filters"": {""variable"": ""nasa_tavg_sen_slope"", ""representation"": ""UNIQUE_GRID"", ""weight_variant"": ""directed_knn_k4""}, ""scope"": ""saved estimates; unweighted station summary, not national area mean""}"
trajectory_nasa_tavg_sen_slope_UNIQUE_GRID_p_1981,period_spatial,p_1981,0.001,1,output/tables/period_sensitivity/period_sensitivity_moran_trajectory.csv,[41],p_1981,fixed Tier A; stored windows,"{""operation"": ""cell"", ""filters"": {""variable"": ""nasa_tavg_sen_slope"", ""representation"": ""UNIQUE_GRID"", ""weight_variant"": ""directed_knn_k4""}, ""scope"": ""saved estimates; unweighted station summary, not national area mean""}"
trajectory_nasa_tavg_sen_slope_UNIQUE_GRID_p_1991,period_spatial,p_1991,0.001,1,output/tables/period_sensitivity/period_sensitivity_moran_trajectory.csv,[41],p_1991,fixed Tier A; stored windows,"{""operation"": ""cell"", ""filters"": {""variable"": ""nasa_tavg_sen_slope"", ""representation"": ""UNIQUE_GRID"", ""weight_variant"": ""directed_knn_k4""}, ""scope"": ""saved estimates; unweighted station summary, not national area mean""}"
trajectory_nasa_tavg_sen_slope_UNIQUE_GRID_p_2001,period_spatial,p_2001,0.001,1,output/tables/period_sensitivity/period_sensitivity_moran_trajectory.csv,[41],p_2001,fixed Tier A; stored windows,"{""operation"": ""cell"", ""filters"": {""variable"": ""nasa_tavg_sen_slope"", ""representation"": ""UNIQUE_GRID"", ""weight_variant"": ""directed_knn_k4""}, ""scope"": ""saved estimates; unweighted station summary, not national area mean""}"
trajectory_nasa_tavg_sen_slope_UNIQUE_GRID_period_robustness,period_spatial,period_robustness,"""SPATIALLY_STABLE_POSITIVE""",1,output/tables/period_sensitivity/period_sensitivity_moran_trajectory.csv,[41],period_robustness,fixed Tier A; stored windows,"{""operation"": ""cell"", ""filters"": {""variable"": ""nasa_tavg_sen_slope"", ""representation"": ""UNIQUE_GRID"", ""weight_variant"": ""directed_knn_k4""}, ""scope"": ""saved estimates; unweighted station summary, not national area mean""}"
trajectory_nasa_tavg_sen_slope_UNIQUE_GRID_significant_window_count,period_spatial,significant_window_count,5,1,output/tables/period_sensitivity/period_sensitivity_moran_trajectory.csv,[41],significant_window_count,fixed Tier A; stored windows,"{""operation"": ""cell"", ""filters"": {""variable"": ""nasa_tavg_sen_slope"", ""representation"": ""UNIQUE_GRID"", ""weight_variant"": ""directed_knn_k4""}, ""scope"": ""saved estimates; unweighted station summary, not national area mean""}"
trajectory_tavg_bias_STATION_LINKED_I_1981,period_spatial,I_1981,0.2848557828886507,1,output/tables/period_sensitivity/period_sensitivity_moran_trajectory.csv,[46],I_1981,fixed Tier A; stored windows,"{""operation"": ""cell"", ""filters"": {""variable"": ""tavg_bias"", ""representation"": ""STATION_LINKED"", ""weight_variant"": ""directed_knn_k4""}, ""scope"": ""saved estimates; unweighted station summary, not national area mean""}"
trajectory_tavg_bias_STATION_LINKED_I_1991,period_spatial,I_1991,0.2769826153805125,1,output/tables/period_sensitivity/period_sensitivity_moran_trajectory.csv,[46],I_1991,fixed Tier A; stored windows,"{""operation"": ""cell"", ""filters"": {""variable"": ""tavg_bias"", ""representation"": ""STATION_LINKED"", ""weight_variant"": ""directed_knn_k4""}, ""scope"": ""saved estimates; unweighted station summary, not national area mean""}"
trajectory_tavg_bias_STATION_LINKED_I_2001,period_spatial,I_2001,0.2695941818909696,1,output/tables/period_sensitivity/period_sensitivity_moran_trajectory.csv,[46],I_2001,fixed Tier A; stored windows,"{""operation"": ""cell"", ""filters"": {""variable"": ""tavg_bias"", ""representation"": ""STATION_LINKED"", ""weight_variant"": ""directed_knn_k4""}, ""scope"": ""saved estimates; unweighted station summary, not national area mean""}"
trajectory_tavg_bias_STATION_LINKED_p_1981,period_spatial,p_1981,0.007,1,output/tables/period_sensitivity/period_sensitivity_moran_trajectory.csv,[46],p_1981,fixed Tier A; stored windows,"{""operation"": ""cell"", ""filters"": {""variable"": ""tavg_bias"", ""representation"": ""STATION_LINKED"", ""weight_variant"": ""directed_knn_k4""}, ""scope"": ""saved estimates; unweighted station summary, not national area mean""}"
trajectory_tavg_bias_STATION_LINKED_p_1991,period_spatial,p_1991,0.007,1,output/tables/period_sensitivity/period_sensitivity_moran_trajectory.csv,[46],p_1991,fixed Tier A; stored windows,"{""operation"": ""cell"", ""filters"": {""variable"": ""tavg_bias"", ""representation"": ""STATION_LINKED"", ""weight_variant"": ""directed_knn_k4""}, ""scope"": ""saved estimates; unweighted station summary, not national area mean""}"
trajectory_tavg_bias_STATION_LINKED_p_2001,period_spatial,p_2001,0.007,1,output/tables/period_sensitivity/period_sensitivity_moran_trajectory.csv,[46],p_2001,fixed Tier A; stored windows,"{""operation"": ""cell"", ""filters"": {""variable"": ""tavg_bias"", ""representation"": ""STATION_LINKED"", ""weight_variant"": ""directed_knn_k4""}, ""scope"": ""saved estimates; unweighted station summary, not national area mean""}"
trajectory_tavg_bias_STATION_LINKED_period_robustness,period_spatial,period_robustness,"""SPATIALLY_STABLE_POSITIVE""",1,output/tables/period_sensitivity/period_sensitivity_moran_trajectory.csv,[46],period_robustness,fixed Tier A; stored windows,"{""operation"": ""cell"", ""filters"": {""variable"": ""tavg_bias"", ""representation"": ""STATION_LINKED"", ""weight_variant"": ""directed_knn_k4""}, ""scope"": ""saved estimates; unweighted station summary, not national area mean""}"
trajectory_tavg_bias_STATION_LINKED_significant_window_count,period_spatial,significant_window_count,5,1,output/tables/period_sensitivity/period_sensitivity_moran_trajectory.csv,[46],significant_window_count,fixed Tier A; stored windows,"{""operation"": ""cell"", ""filters"": {""variable"": ""tavg_bias"", ""representation"": ""STATION_LINKED"", ""weight_variant"": ""directed_knn_k4""}, ""scope"": ""saved estimates; unweighted station summary, not national area mean""}"
trajectory_tavg_rmse_STATION_LINKED_I_1981,period_spatial,I_1981,0.2263628822287831,1,output/tables/period_sensitivity/period_sensitivity_moran_trajectory.csv,[51],I_1981,fixed Tier A; stored windows,"{""operation"": ""cell"", ""filters"": {""variable"": ""tavg_rmse"", ""representation"": ""STATION_LINKED"", ""weight_variant"": ""directed_knn_k4""}, ""scope"": ""saved estimates; unweighted station summary, not national area mean""}"
trajectory_tavg_rmse_STATION_LINKED_I_1991,period_spatial,I_1991,0.2301897557786869,1,output/tables/period_sensitivity/period_sensitivity_moran_trajectory.csv,[51],I_1991,fixed Tier A; stored windows,"{""operation"": ""cell"", ""filters"": {""variable"": ""tavg_rmse"", ""representation"": ""STATION_LINKED"", ""weight_variant"": ""directed_knn_k4""}, ""scope"": ""saved estimates; unweighted station summary, not national area mean""}"
trajectory_tavg_rmse_STATION_LINKED_I_2001,period_spatial,I_2001,0.2417054984504494,1,output/tables/period_sensitivity/period_sensitivity_moran_trajectory.csv,[51],I_2001,fixed Tier A; stored windows,"{""operation"": ""cell"", ""filters"": {""variable"": ""tavg_rmse"", ""representation"": ""STATION_LINKED"", ""weight_variant"": ""directed_knn_k4""}, ""scope"": ""saved estimates; unweighted station summary, not national area mean""}"
trajectory_tavg_rmse_STATION_LINKED_p_1981,period_spatial,p_1981,0.008,1,output/tables/period_sensitivity/period_sensitivity_moran_trajectory.csv,[51],p_1981,fixed Tier A; stored windows,"{""operation"": ""cell"", ""filters"": {""variable"": ""tavg_rmse"", ""representation"": ""STATION_LINKED"", ""weight_variant"": ""directed_knn_k4""}, ""scope"": ""saved estimates; unweighted station summary, not national area mean""}"
trajectory_tavg_rmse_STATION_LINKED_p_1991,period_spatial,p_1991,0.008,1,output/tables/period_sensitivity/period_sensitivity_moran_trajectory.csv,[51],p_1991,fixed Tier A; stored windows,"{""operation"": ""cell"", ""filters"": {""variable"": ""tavg_rmse"", ""representation"": ""STATION_LINKED"", ""weight_variant"": ""directed_knn_k4""}, ""scope"": ""saved estimates; unweighted station summary, not national area mean""}"
trajectory_tavg_rmse_STATION_LINKED_p_2001,period_spatial,p_2001,0.004,1,output/tables/period_sensitivity/period_sensitivity_moran_trajectory.csv,[51],p_2001,fixed Tier A; stored windows,"{""operation"": ""cell"", ""filters"": {""variable"": ""tavg_rmse"", ""representation"": ""STATION_LINKED"", ""weight_variant"": ""directed_knn_k4""}, ""scope"": ""saved estimates; unweighted station summary, not national area mean""}"
trajectory_tavg_rmse_STATION_LINKED_period_robustness,period_spatial,period_robustness,"""SPATIALLY_STABLE_POSITIVE""",1,output/tables/period_sensitivity/period_sensitivity_moran_trajectory.csv,[51],period_robustness,fixed Tier A; stored windows,"{""operation"": ""cell"", ""filters"": {""variable"": ""tavg_rmse"", ""representation"": ""STATION_LINKED"", ""weight_variant"": ""directed_knn_k4""}, ""scope"": ""saved estimates; unweighted station summary, not national area mean""}"
trajectory_tavg_rmse_STATION_LINKED_significant_window_count,period_spatial,significant_window_count,5,1,output/tables/period_sensitivity/period_sensitivity_moran_trajectory.csv,[51],significant_window_count,fixed Tier A; stored windows,"{""operation"": ""cell"", ""filters"": {""variable"": ""tavg_rmse"", ""representation"": ""STATION_LINKED"", ""weight_variant"": ""directed_knn_k4""}, ""scope"": ""saved estimates; unweighted station summary, not national area mean""}"
trajectory_tmin_minus_tmax_STATION_LINKED_I_1981,period_spatial,I_1981,-0.1122140495206952,1,output/tables/period_sensitivity/period_sensitivity_moran_trajectory.csv,[31],I_1981,fixed Tier A; stored windows,"{""operation"": ""cell"", ""filters"": {""variable"": ""tmin_minus_tmax"", ""representation"": ""STATION_LINKED"", ""weight_variant"": ""directed_knn_k4""}, ""scope"": ""saved estimates; unweighted station summary, not national area mean""}"
trajectory_tmin_minus_tmax_STATION_LINKED_I_1991,period_spatial,I_1991,-0.0791434401508041,1,output/tables/period_sensitivity/period_sensitivity_moran_trajectory.csv,[31],I_1991,fixed Tier A; stored windows,"{""operation"": ""cell"", ""filters"": {""variable"": ""tmin_minus_tmax"", ""representation"": ""STATION_LINKED"", ""weight_variant"": ""directed_knn_k4""}, ""scope"": ""saved estimates; unweighted station summary, not national area mean""}"
trajectory_tmin_minus_tmax_STATION_LINKED_I_2001,period_spatial,I_2001,-0.0504321833323255,1,output/tables/period_sensitivity/period_sensitivity_moran_trajectory.csv,[31],I_2001,fixed Tier A; stored windows,"{""operation"": ""cell"", ""filters"": {""variable"": ""tmin_minus_tmax"", ""representation"": ""STATION_LINKED"", ""weight_variant"": ""directed_knn_k4""}, ""scope"": ""saved estimates; unweighted station summary, not national area mean""}"
trajectory_tmin_minus_tmax_STATION_LINKED_p_1981,period_spatial,p_1981,0.33,1,output/tables/period_sensitivity/period_sensitivity_moran_trajectory.csv,[31],p_1981,fixed Tier A; stored windows,"{""operation"": ""cell"", ""filters"": {""variable"": ""tmin_minus_tmax"", ""representation"": ""STATION_LINKED"", ""weight_variant"": ""directed_knn_k4""}, ""scope"": ""saved estimates; unweighted station summary, not national area mean""}"
trajectory_tmin_minus_tmax_STATION_LINKED_p_1991,period_spatial,p_1991,0.556,1,output/tables/period_sensitivity/period_sensitivity_moran_trajectory.csv,[31],p_1991,fixed Tier A; stored windows,"{""operation"": ""cell"", ""filters"": {""variable"": ""tmin_minus_tmax"", ""representation"": ""STATION_LINKED"", ""weight_variant"": ""directed_knn_k4""}, ""scope"": ""saved estimates; unweighted station summary, not national area mean""}"
trajectory_tmin_minus_tmax_STATION_LINKED_p_2001,period_spatial,p_2001,0.768,1,output/tables/period_sensitivity/period_sensitivity_moran_trajectory.csv,[31],p_2001,fixed Tier A; stored windows,"{""operation"": ""cell"", ""filters"": {""variable"": ""tmin_minus_tmax"", ""representation"": ""STATION_LINKED"", ""weight_variant"": ""directed_knn_k4""}, ""scope"": ""saved estimates; unweighted station summary, not national area mean""}"
trajectory_tmin_minus_tmax_STATION_LINKED_period_robustness,period_spatial,period_robustness,"""DIRECTION_SENSITIVE""",1,output/tables/period_sensitivity/period_sensitivity_moran_trajectory.csv,[31],period_robustness,fixed Tier A; stored windows,"{""operation"": ""cell"", ""filters"": {""variable"": ""tmin_minus_tmax"", ""representation"": ""STATION_LINKED"", ""weight_variant"": ""directed_knn_k4""}, ""scope"": ""saved estimates; unweighted station summary, not national area mean""}"
trajectory_tmin_minus_tmax_STATION_LINKED_significant_window_count,period_spatial,significant_window_count,0,1,output/tables/period_sensitivity/period_sensitivity_moran_trajectory.csv,[31],significant_window_count,fixed Tier A; stored windows,"{""operation"": ""cell"", ""filters"": {""variable"": ""tmin_minus_tmax"", ""representation"": ""STATION_LINKED"", ""weight_variant"": ""directed_knn_k4""}, ""scope"": ""saved estimates; unweighted station summary, not national area mean""}"
validation_TAVG_bias,validation,bias,-1.015538605961042,°C,output/tables/common_period/common_period_nasa_kma_temperature_validation.csv,"[0, 3, 6, 9, 12, 15, 18, 21, 24, 27, 30, 33, 36, 39, 42, 45, 48, 51, 54, 57, 60, 63, 66, 69, 72, 75, 78, 81, 84, 87, 90, 93, 96, 99, 102, 105, 108, 111, 114, 117, 120, 123, 126, 129, 132, 135, 138, 141, 144, 147, 150]",bias,1991–2025,"{""operation"": ""median"", ""filters"": {""metric"": ""TAVG""}, ""scope"": ""saved estimates; unweighted station summary, not national area mean""}"
validation_TAVG_mae,validation,mae,1.5357318313384969,°C,output/tables/common_period/common_period_nasa_kma_temperature_validation.csv,"[0, 3, 6, 9, 12, 15, 18, 21, 24, 27, 30, 33, 36, 39, 42, 45, 48, 51, 54, 57, 60, 63, 66, 69, 72, 75, 78, 81, 84, 87, 90, 93, 96, 99, 102, 105, 108, 111, 114, 117, 120, 123, 126, 129, 132, 135, 138, 141, 144, 147, 150]",mae,1991–2025,"{""operation"": ""median"", ""filters"": {""metric"": ""TAVG""}, ""scope"": ""saved estimates; unweighted station summary, not national area mean""}"
validation_TAVG_n_pairs,validation,n_pairs,12780.0,days,output/tables/common_period/common_period_nasa_kma_temperature_validation.csv,"[0, 3, 6, 9, 12, 15, 18, 21, 24, 27, 30, 33, 36, 39, 42, 45, 48, 51, 54, 57, 60, 63, 66, 69, 72, 75, 78, 81, 84, 87, 90, 93, 96, 99, 102, 105, 108, 111, 114, 117, 120, 123, 126, 129, 132, 135, 138, 141, 144, 147, 150]",n_pairs,1991–2025,"{""operation"": ""median"", ""filters"": {""metric"": ""TAVG""}, ""scope"": ""saved estimates; unweighted station summary, not national area mean""}"
validation_TAVG_pearson_r,validation,pearson_r,0.990675879342386,1,output/tables/common_period/common_period_nasa_kma_temperature_validation.csv,"[0, 3, 6, 9, 12, 15, 18, 21, 24, 27, 30, 33, 36, 39, 42, 45, 48, 51, 54, 57, 60, 63, 66, 69, 72, 75, 78, 81, 84, 87, 90, 93, 96, 99, 102, 105, 108, 111, 114, 117, 120, 123, 126, 129, 132, 135, 138, 141, 144, 147, 150]",pearson_r,1991–2025,"{""operation"": ""median"", ""filters"": {""metric"": ""TAVG""}, ""scope"": ""saved estimates; unweighted station summary, not national area mean""}"
validation_TAVG_rmse,validation,rmse,1.9028143248067644,°C,output/tables/common_period/common_period_nasa_kma_temperature_validation.csv,"[0, 3, 6, 9, 12, 15, 18, 21, 24, 27, 30, 33, 36, 39, 42, 45, 48, 51, 54, 57, 60, 63, 66, 69, 72, 75, 78, 81, 84, 87, 90, 93, 96, 99, 102, 105, 108, 111, 114, 117, 120, 123, 126, 129, 132, 135, 138, 141, 144, 147, 150]",rmse,1991–2025,"{""operation"": ""median"", ""filters"": {""metric"": ""TAVG""}, ""scope"": ""saved estimates; unweighted station summary, not national area mean""}"
validation_TAVG_spearman_rho,validation,spearman_rho,0.9909265839828552,1,output/tables/common_period/common_period_nasa_kma_temperature_validation.csv,"[0, 3, 6, 9, 12, 15, 18, 21, 24, 27, 30, 33, 36, 39, 42, 45, 48, 51, 54, 57, 60, 63, 66, 69, 72, 75, 78, 81, 84, 87, 90, 93, 96, 99, 102, 105, 108, 111, 114, 117, 120, 123, 126, 129, 132, 135, 138, 141, 144, 147, 150]",spearman_rho,1991–2025,"{""operation"": ""median"", ""filters"": {""metric"": ""TAVG""}, ""scope"": ""saved estimates; unweighted station summary, not national area mean""}"
validation_TMAX_bias,validation,bias,-1.9873396433041304,°C,output/tables/common_period/common_period_nasa_kma_temperature_validation.csv,"[1, 4, 7, 10, 13, 16, 19, 22, 25, 28, 31, 34, 37, 40, 43, 46, 49, 52, 55, 58, 61, 64, 67, 70, 73, 76, 79, 82, 85, 88, 91, 94, 97, 100, 103, 106, 109, 112, 115, 118, 121, 124, 127, 130, 133, 136, 139, 142, 145, 148, 151]",bias,1991–2025,"{""operation"": ""median"", ""filters"": {""metric"": ""TMAX""}, ""scope"": ""saved estimates; unweighted station summary, not national area mean""}"
validation_TMAX_mae,validation,mae,2.3480921464330415,°C,output/tables/common_period/common_period_nasa_kma_temperature_validation.csv,"[1, 4, 7, 10, 13, 16, 19, 22, 25, 28, 31, 34, 37, 40, 43, 46, 49, 52, 55, 58, 61, 64, 67, 70, 73, 76, 79, 82, 85, 88, 91, 94, 97, 100, 103, 106, 109, 112, 115, 118, 121, 124, 127, 130, 133, 136, 139, 142, 145, 148, 151]",mae,1991–2025,"{""operation"": ""median"", ""filters"": {""metric"": ""TMAX""}, ""scope"": ""saved estimates; unweighted station summary, not national area mean""}"
validation_TMAX_n_pairs,validation,n_pairs,12783.0,days,output/tables/common_period/common_period_nasa_kma_temperature_validation.csv,"[1, 4, 7, 10, 13, 16, 19, 22, 25, 28, 31, 34, 37, 40, 43, 46, 49, 52, 55, 58, 61, 64, 67, 70, 73, 76, 79, 82, 85, 88, 91, 94, 97, 100, 103, 106, 109, 112, 115, 118, 121, 124, 127, 130, 133, 136, 139, 142, 145, 148, 151]",n_pairs,1991–2025,"{""operation"": ""median"", ""filters"": {""metric"": ""TMAX""}, ""scope"": ""saved estimates; unweighted station summary, not national area mean""}"
validation_TMAX_pearson_r,validation,pearson_r,0.9828388041313756,1,output/tables/common_period/common_period_nasa_kma_temperature_validation.csv,"[1, 4, 7, 10, 13, 16, 19, 22, 25, 28, 31, 34, 37, 40, 43, 46, 49, 52, 55, 58, 61, 64, 67, 70, 73, 76, 79, 82, 85, 88, 91, 94, 97, 100, 103, 106, 109, 112, 115, 118, 121, 124, 127, 130, 133, 136, 139, 142, 145, 148, 151]",pearson_r,1991–2025,"{""operation"": ""median"", ""filters"": {""metric"": ""TMAX""}, ""scope"": ""saved estimates; unweighted station summary, not national area mean""}"
validation_TMAX_rmse,validation,rmse,2.7290995044394064,°C,output/tables/common_period/common_period_nasa_kma_temperature_validation.csv,"[1, 4, 7, 10, 13, 16, 19, 22, 25, 28, 31, 34, 37, 40, 43, 46, 49, 52, 55, 58, 61, 64, 67, 70, 73, 76, 79, 82, 85, 88, 91, 94, 97, 100, 103, 106, 109, 112, 115, 118, 121, 124, 127, 130, 133, 136, 139, 142, 145, 148, 151]",rmse,1991–2025,"{""operation"": ""median"", ""filters"": {""metric"": ""TMAX""}, ""scope"": ""saved estimates; unweighted station summary, not national area mean""}"
validation_TMAX_spearman_rho,validation,spearman_rho,0.9801761292457972,1,output/tables/common_period/common_period_nasa_kma_temperature_validation.csv,"[1, 4, 7, 10, 13, 16, 19, 22, 25, 28, 31, 34, 37, 40, 43, 46, 49, 52, 55, 58, 61, 64, 67, 70, 73, 76, 79, 82, 85, 88, 91, 94, 97, 100, 103, 106, 109, 112, 115, 118, 121, 124, 127, 130, 133, 136, 139, 142, 145, 148, 151]",spearman_rho,1991–2025,"{""operation"": ""median"", ""filters"": {""metric"": ""TMAX""}, ""scope"": ""saved estimates; unweighted station summary, not national area mean""}"
validation_TMIN_bias,validation,bias,-0.0804834167709637,°C,output/tables/common_period/common_period_nasa_kma_temperature_validation.csv,"[2, 5, 8, 11, 14, 17, 20, 23, 26, 29, 32, 35, 38, 41, 44, 47, 50, 53, 56, 59, 62, 65, 68, 71, 74, 77, 80, 83, 86, 89, 92, 95, 98, 101, 104, 107, 110, 113, 116, 119, 122, 125, 128, 131, 134, 137, 140, 143, 146, 149, 152]",bias,1991–2025,"{""operation"": ""median"", ""filters"": {""metric"": ""TMIN""}, ""scope"": ""saved estimates; unweighted station summary, not national area mean""}"
validation_TMIN_mae,validation,mae,1.929430538172716,°C,output/tables/common_period/common_period_nasa_kma_temperature_validation.csv,"[2, 5, 8, 11, 14, 17, 20, 23, 26, 29, 32, 35, 38, 41, 44, 47, 50, 53, 56, 59, 62, 65, 68, 71, 74, 77, 80, 83, 86, 89, 92, 95, 98, 101, 104, 107, 110, 113, 116, 119, 122, 125, 128, 131, 134, 137, 140, 143, 146, 149, 152]",mae,1991–2025,"{""operation"": ""median"", ""filters"": {""metric"": ""TMIN""}, ""scope"": ""saved estimates; unweighted station summary, not national area mean""}"
validation_TMIN_n_pairs,validation,n_pairs,12784.0,days,output/tables/common_period/common_period_nasa_kma_temperature_validation.csv,"[2, 5, 8, 11, 14, 17, 20, 23, 26, 29, 32, 35, 38, 41, 44, 47, 50, 53, 56, 59, 62, 65, 68, 71, 74, 77, 80, 83, 86, 89, 92, 95, 98, 101, 104, 107, 110, 113, 116, 119, 122, 125, 128, 131, 134, 137, 140, 143, 146, 149, 152]",n_pairs,1991–2025,"{""operation"": ""median"", ""filters"": {""metric"": ""TMIN""}, ""scope"": ""saved estimates; unweighted station summary, not national area mean""}"
validation_TMIN_pearson_r,validation,pearson_r,0.9816863394161444,1,output/tables/common_period/common_period_nasa_kma_temperature_validation.csv,"[2, 5, 8, 11, 14, 17, 20, 23, 26, 29, 32, 35, 38, 41, 44, 47, 50, 53, 56, 59, 62, 65, 68, 71, 74, 77, 80, 83, 86, 89, 92, 95, 98, 101, 104, 107, 110, 113, 116, 119, 122, 125, 128, 131, 134, 137, 140, 143, 146, 149, 152]",pearson_r,1991–2025,"{""operation"": ""median"", ""filters"": {""metric"": ""TMIN""}, ""scope"": ""saved estimates; unweighted station summary, not national area mean""}"
validation_TMIN_rmse,validation,rmse,2.3808949297502,°C,output/tables/common_period/common_period_nasa_kma_temperature_validation.csv,"[2, 5, 8, 11, 14, 17, 20, 23, 26, 29, 32, 35, 38, 41, 44, 47, 50, 53, 56, 59, 62, 65, 68, 71, 74, 77, 80, 83, 86, 89, 92, 95, 98, 101, 104, 107, 110, 113, 116, 119, 122, 125, 128, 131, 134, 137, 140, 143, 146, 149, 152]",rmse,1991–2025,"{""operation"": ""median"", ""filters"": {""metric"": ""TMIN""}, ""scope"": ""saved estimates; unweighted station summary, not national area mean""}"
validation_TMIN_spearman_rho,validation,spearman_rho,0.9817543208398812,1,output/tables/common_period/common_period_nasa_kma_temperature_validation.csv,"[2, 5, 8, 11, 14, 17, 20, 23, 26, 29, 32, 35, 38, 41, 44, 47, 50, 53, 56, 59, 62, 65, 68, 71, 74, 77, 80, 83, 86, 89, 92, 95, 98, 101, 104, 107, 110, 113, 116, 119, 122, 125, 128, 131, 134, 137, 140, 143, 146, 149, 152]",spearman_rho,1991–2025,"{""operation"": ""median"", ""filters"": {""metric"": ""TMIN""}, ""scope"": ""saved estimates; unweighted station summary, not national area mean""}"
weights_days_tmax_ge_33_kma_slope_STATION_LINKED_n_configurations,weights,n_configurations,9,1,output/tables/common_period_spatial/common_period_spatial_robustness_summary.csv,[3],n_configurations,1991–2025,"{""operation"": ""cell"", ""filters"": {""variable"": ""days_tmax_ge_33_kma_slope"", ""representation"": ""STATION_LINKED""}, ""scope"": ""saved estimates; unweighted station summary, not national area mean""}"
weights_days_tmax_ge_33_kma_slope_STATION_LINKED_n_significant,weights,n_significant,7,1,output/tables/common_period_spatial/common_period_spatial_robustness_summary.csv,[3],n_significant,1991–2025,"{""operation"": ""cell"", ""filters"": {""variable"": ""days_tmax_ge_33_kma_slope"", ""representation"": ""STATION_LINKED""}, ""scope"": ""saved estimates; unweighted station summary, not national area mean""}"
weights_days_tmax_ge_33_kma_slope_STATION_LINKED_robustness_class,weights,robustness_class,"""ROBUST_POSITIVE""",1,output/tables/common_period_spatial/common_period_spatial_robustness_summary.csv,[3],robustness_class,1991–2025,"{""operation"": ""cell"", ""filters"": {""variable"": ""days_tmax_ge_33_kma_slope"", ""representation"": ""STATION_LINKED""}, ""scope"": ""saved estimates; unweighted station summary, not national area mean""}"
weights_days_tmin_ge_25_kma_slope_STATION_LINKED_n_configurations,weights,n_configurations,9,1,output/tables/common_period_spatial/common_period_spatial_robustness_summary.csv,[4],n_configurations,1991–2025,"{""operation"": ""cell"", ""filters"": {""variable"": ""days_tmin_ge_25_kma_slope"", ""representation"": ""STATION_LINKED""}, ""scope"": ""saved estimates; unweighted station summary, not national area mean""}"
weights_days_tmin_ge_25_kma_slope_STATION_LINKED_n_significant,weights,n_significant,9,1,output/tables/common_period_spatial/common_period_spatial_robustness_summary.csv,[4],n_significant,1991–2025,"{""operation"": ""cell"", ""filters"": {""variable"": ""days_tmin_ge_25_kma_slope"", ""representation"": ""STATION_LINKED""}, ""scope"": ""saved estimates; unweighted station summary, not national area mean""}"
weights_days_tmin_ge_25_kma_slope_STATION_LINKED_robustness_class,weights,robustness_class,"""ROBUST_POSITIVE""",1,output/tables/common_period_spatial/common_period_spatial_robustness_summary.csv,[4],robustness_class,1991–2025,"{""operation"": ""cell"", ""filters"": {""variable"": ""days_tmin_ge_25_kma_slope"", ""representation"": ""STATION_LINKED""}, ""scope"": ""saved estimates; unweighted station summary, not national area mean""}"
weights_dtr_slope_STATION_LINKED_n_configurations,weights,n_configurations,9,1,output/tables/common_period_spatial/common_period_spatial_robustness_summary.csv,[6],n_configurations,1991–2025,"{""operation"": ""cell"", ""filters"": {""variable"": ""dtr_slope"", ""representation"": ""STATION_LINKED""}, ""scope"": ""saved estimates; unweighted station summary, not national area mean""}"
weights_dtr_slope_STATION_LINKED_n_significant,weights,n_significant,0,1,output/tables/common_period_spatial/common_period_spatial_robustness_summary.csv,[6],n_significant,1991–2025,"{""operation"": ""cell"", ""filters"": {""variable"": ""dtr_slope"", ""representation"": ""STATION_LINKED""}, ""scope"": ""saved estimates; unweighted station summary, not national area mean""}"
weights_dtr_slope_STATION_LINKED_robustness_class,weights,robustness_class,"""INCONSISTENT_DIRECTION""",1,output/tables/common_period_spatial/common_period_spatial_robustness_summary.csv,[6],robustness_class,1991–2025,"{""operation"": ""cell"", ""filters"": {""variable"": ""dtr_slope"", ""representation"": ""STATION_LINKED""}, ""scope"": ""saved estimates; unweighted station summary, not national area mean""}"
weights_kma_tavg_sen_slope_STATION_LINKED_n_configurations,weights,n_configurations,9,1,output/tables/common_period_spatial/common_period_spatial_robustness_summary.csv,[0],n_configurations,1991–2025,"{""operation"": ""cell"", ""filters"": {""variable"": ""kma_tavg_sen_slope"", ""representation"": ""STATION_LINKED""}, ""scope"": ""saved estimates; unweighted station summary, not national area mean""}"
weights_kma_tavg_sen_slope_STATION_LINKED_n_significant,weights,n_significant,0,1,output/tables/common_period_spatial/common_period_spatial_robustness_summary.csv,[0],n_significant,1991–2025,"{""operation"": ""cell"", ""filters"": {""variable"": ""kma_tavg_sen_slope"", ""representation"": ""STATION_LINKED""}, ""scope"": ""saved estimates; unweighted station summary, not national area mean""}"
weights_kma_tavg_sen_slope_STATION_LINKED_robustness_class,weights,robustness_class,"""INCONSISTENT_DIRECTION""",1,output/tables/common_period_spatial/common_period_spatial_robustness_summary.csv,[0],robustness_class,1991–2025,"{""operation"": ""cell"", ""filters"": {""variable"": ""kma_tavg_sen_slope"", ""representation"": ""STATION_LINKED""}, ""scope"": ""saved estimates; unweighted station summary, not national area mean""}"
weights_kma_tmax_sen_slope_STATION_LINKED_n_configurations,weights,n_configurations,9,1,output/tables/common_period_spatial/common_period_spatial_robustness_summary.csv,[1],n_configurations,1991–2025,"{""operation"": ""cell"", ""filters"": {""variable"": ""kma_tmax_sen_slope"", ""representation"": ""STATION_LINKED""}, ""scope"": ""saved estimates; unweighted station summary, not national area mean""}"
weights_kma_tmax_sen_slope_STATION_LINKED_n_significant,weights,n_significant,0,1,output/tables/common_period_spatial/common_period_spatial_robustness_summary.csv,[1],n_significant,1991–2025,"{""operation"": ""cell"", ""filters"": {""variable"": ""kma_tmax_sen_slope"", ""representation"": ""STATION_LINKED""}, ""scope"": ""saved estimates; unweighted station summary, not national area mean""}"
weights_kma_tmax_sen_slope_STATION_LINKED_robustness_class,weights,robustness_class,"""ROBUST_NON_SIGNIFICANT""",1,output/tables/common_period_spatial/common_period_spatial_robustness_summary.csv,[1],robustness_class,1991–2025,"{""operation"": ""cell"", ""filters"": {""variable"": ""kma_tmax_sen_slope"", ""representation"": ""STATION_LINKED""}, ""scope"": ""saved estimates; unweighted station summary, not national area mean""}"
weights_kma_tmin_sen_slope_STATION_LINKED_n_configurations,weights,n_configurations,9,1,output/tables/common_period_spatial/common_period_spatial_robustness_summary.csv,[2],n_configurations,1991–2025,"{""operation"": ""cell"", ""filters"": {""variable"": ""kma_tmin_sen_slope"", ""representation"": ""STATION_LINKED""}, ""scope"": ""saved estimates; unweighted station summary, not national area mean""}"
weights_kma_tmin_sen_slope_STATION_LINKED_n_significant,weights,n_significant,0,1,output/tables/common_period_spatial/common_period_spatial_robustness_summary.csv,[2],n_significant,1991–2025,"{""operation"": ""cell"", ""filters"": {""variable"": ""kma_tmin_sen_slope"", ""representation"": ""STATION_LINKED""}, ""scope"": ""saved estimates; unweighted station summary, not national area mean""}"
weights_kma_tmin_sen_slope_STATION_LINKED_robustness_class,weights,robustness_class,"""INCONSISTENT_DIRECTION""",1,output/tables/common_period_spatial/common_period_spatial_robustness_summary.csv,[2],robustness_class,1991–2025,"{""operation"": ""cell"", ""filters"": {""variable"": ""kma_tmin_sen_slope"", ""representation"": ""STATION_LINKED""}, ""scope"": ""saved estimates; unweighted station summary, not national area mean""}"
weights_nasa_25c_sen_slope_STATION_LINKED_n_configurations,weights,n_configurations,9,1,output/tables/common_period_spatial/common_period_spatial_robustness_summary.csv,[11],n_configurations,1991–2025,"{""operation"": ""cell"", ""filters"": {""variable"": ""nasa_25c_sen_slope"", ""representation"": ""STATION_LINKED""}, ""scope"": ""saved estimates; unweighted station summary, not national area mean""}"
weights_nasa_25c_sen_slope_STATION_LINKED_n_significant,weights,n_significant,9,1,output/tables/common_period_spatial/common_period_spatial_robustness_summary.csv,[11],n_significant,1991–2025,"{""operation"": ""cell"", ""filters"": {""variable"": ""nasa_25c_sen_slope"", ""representation"": ""STATION_LINKED""}, ""scope"": ""saved estimates; unweighted station summary, not national area mean""}"
weights_nasa_25c_sen_slope_STATION_LINKED_robustness_class,weights,robustness_class,"""ROBUST_POSITIVE""",1,output/tables/common_period_spatial/common_period_spatial_robustness_summary.csv,[11],robustness_class,1991–2025,"{""operation"": ""cell"", ""filters"": {""variable"": ""nasa_25c_sen_slope"", ""representation"": ""STATION_LINKED""}, ""scope"": ""saved estimates; unweighted station summary, not national area mean""}"
weights_nasa_25c_sen_slope_UNIQUE_GRID_n_configurations,weights,n_configurations,9,1,output/tables/common_period_spatial/common_period_spatial_robustness_summary.csv,[16],n_configurations,1991–2025,"{""operation"": ""cell"", ""filters"": {""variable"": ""nasa_25c_sen_slope"", ""representation"": ""UNIQUE_GRID""}, ""scope"": ""saved estimates; unweighted station summary, not national area mean""}"
weights_nasa_25c_sen_slope_UNIQUE_GRID_n_significant,weights,n_significant,9,1,output/tables/common_period_spatial/common_period_spatial_robustness_summary.csv,[16],n_significant,1991–2025,"{""operation"": ""cell"", ""filters"": {""variable"": ""nasa_25c_sen_slope"", ""representation"": ""UNIQUE_GRID""}, ""scope"": ""saved estimates; unweighted station summary, not national area mean""}"
weights_nasa_25c_sen_slope_UNIQUE_GRID_robustness_class,weights,robustness_class,"""ROBUST_POSITIVE""",1,output/tables/common_period_spatial/common_period_spatial_robustness_summary.csv,[16],robustness_class,1991–2025,"{""operation"": ""cell"", ""filters"": {""variable"": ""nasa_25c_sen_slope"", ""representation"": ""UNIQUE_GRID""}, ""scope"": ""saved estimates; unweighted station summary, not national area mean""}"
weights_nasa_33c_sen_slope_STATION_LINKED_n_configurations,weights,n_configurations,9,1,output/tables/common_period_spatial/common_period_spatial_robustness_summary.csv,[10],n_configurations,1991–2025,"{""operation"": ""cell"", ""filters"": {""variable"": ""nasa_33c_sen_slope"", ""representation"": ""STATION_LINKED""}, ""scope"": ""saved estimates; unweighted station summary, not national area mean""}"
weights_nasa_33c_sen_slope_STATION_LINKED_n_significant,weights,n_significant,9,1,output/tables/common_period_spatial/common_period_spatial_robustness_summary.csv,[10],n_significant,1991–2025,"{""operation"": ""cell"", ""filters"": {""variable"": ""nasa_33c_sen_slope"", ""representation"": ""STATION_LINKED""}, ""scope"": ""saved estimates; unweighted station summary, not national area mean""}"
weights_nasa_33c_sen_slope_STATION_LINKED_robustness_class,weights,robustness_class,"""ROBUST_POSITIVE""",1,output/tables/common_period_spatial/common_period_spatial_robustness_summary.csv,[10],robustness_class,1991–2025,"{""operation"": ""cell"", ""filters"": {""variable"": ""nasa_33c_sen_slope"", ""representation"": ""STATION_LINKED""}, ""scope"": ""saved estimates; unweighted station summary, not national area mean""}"
weights_nasa_33c_sen_slope_UNIQUE_GRID_n_configurations,weights,n_configurations,9,1,output/tables/common_period_spatial/common_period_spatial_robustness_summary.csv,[15],n_configurations,1991–2025,"{""operation"": ""cell"", ""filters"": {""variable"": ""nasa_33c_sen_slope"", ""representation"": ""UNIQUE_GRID""}, ""scope"": ""saved estimates; unweighted station summary, not national area mean""}"
weights_nasa_33c_sen_slope_UNIQUE_GRID_n_significant,weights,n_significant,9,1,output/tables/common_period_spatial/common_period_spatial_robustness_summary.csv,[15],n_significant,1991–2025,"{""operation"": ""cell"", ""filters"": {""variable"": ""nasa_33c_sen_slope"", ""representation"": ""UNIQUE_GRID""}, ""scope"": ""saved estimates; unweighted station summary, not national area mean""}"
weights_nasa_33c_sen_slope_UNIQUE_GRID_robustness_class,weights,robustness_class,"""ROBUST_POSITIVE""",1,output/tables/common_period_spatial/common_period_spatial_robustness_summary.csv,[15],robustness_class,1991–2025,"{""operation"": ""cell"", ""filters"": {""variable"": ""nasa_33c_sen_slope"", ""representation"": ""UNIQUE_GRID""}, ""scope"": ""saved estimates; unweighted station summary, not national area mean""}"
weights_nasa_tavg_sen_slope_STATION_LINKED_n_configurations,weights,n_configurations,9,1,output/tables/common_period_spatial/common_period_spatial_robustness_summary.csv,[7],n_configurations,1991–2025,"{""operation"": ""cell"", ""filters"": {""variable"": ""nasa_tavg_sen_slope"", ""representation"": ""STATION_LINKED""}, ""scope"": ""saved estimates; unweighted station summary, not national area mean""}"
weights_nasa_tavg_sen_slope_STATION_LINKED_n_significant,weights,n_significant,9,1,output/tables/common_period_spatial/common_period_spatial_robustness_summary.csv,[7],n_significant,1991–2025,"{""operation"": ""cell"", ""filters"": {""variable"": ""nasa_tavg_sen_slope"", ""representation"": ""STATION_LINKED""}, ""scope"": ""saved estimates; unweighted station summary, not national area mean""}"
weights_nasa_tavg_sen_slope_STATION_LINKED_robustness_class,weights,robustness_class,"""ROBUST_POSITIVE""",1,output/tables/common_period_spatial/common_period_spatial_robustness_summary.csv,[7],robustness_class,1991–2025,"{""operation"": ""cell"", ""filters"": {""variable"": ""nasa_tavg_sen_slope"", ""representation"": ""STATION_LINKED""}, ""scope"": ""saved estimates; unweighted station summary, not national area mean""}"
weights_nasa_tavg_sen_slope_UNIQUE_GRID_n_configurations,weights,n_configurations,9,1,output/tables/common_period_spatial/common_period_spatial_robustness_summary.csv,[12],n_configurations,1991–2025,"{""operation"": ""cell"", ""filters"": {""variable"": ""nasa_tavg_sen_slope"", ""representation"": ""UNIQUE_GRID""}, ""scope"": ""saved estimates; unweighted station summary, not national area mean""}"
weights_nasa_tavg_sen_slope_UNIQUE_GRID_n_significant,weights,n_significant,9,1,output/tables/common_period_spatial/common_period_spatial_robustness_summary.csv,[12],n_significant,1991–2025,"{""operation"": ""cell"", ""filters"": {""variable"": ""nasa_tavg_sen_slope"", ""representation"": ""UNIQUE_GRID""}, ""scope"": ""saved estimates; unweighted station summary, not national area mean""}"
weights_nasa_tavg_sen_slope_UNIQUE_GRID_robustness_class,weights,robustness_class,"""ROBUST_POSITIVE""",1,output/tables/common_period_spatial/common_period_spatial_robustness_summary.csv,[12],robustness_class,1991–2025,"{""operation"": ""cell"", ""filters"": {""variable"": ""nasa_tavg_sen_slope"", ""representation"": ""UNIQUE_GRID""}, ""scope"": ""saved estimates; unweighted station summary, not national area mean""}"
weights_nasa_tmax_sen_slope_STATION_LINKED_n_configurations,weights,n_configurations,9,1,output/tables/common_period_spatial/common_period_spatial_robustness_summary.csv,[8],n_configurations,1991–2025,"{""operation"": ""cell"", ""filters"": {""variable"": ""nasa_tmax_sen_slope"", ""representation"": ""STATION_LINKED""}, ""scope"": ""saved estimates; unweighted station summary, not national area mean""}"
weights_nasa_tmax_sen_slope_STATION_LINKED_n_significant,weights,n_significant,9,1,output/tables/common_period_spatial/common_period_spatial_robustness_summary.csv,[8],n_significant,1991–2025,"{""operation"": ""cell"", ""filters"": {""variable"": ""nasa_tmax_sen_slope"", ""representation"": ""STATION_LINKED""}, ""scope"": ""saved estimates; unweighted station summary, not national area mean""}"
weights_nasa_tmax_sen_slope_STATION_LINKED_robustness_class,weights,robustness_class,"""ROBUST_POSITIVE""",1,output/tables/common_period_spatial/common_period_spatial_robustness_summary.csv,[8],robustness_class,1991–2025,"{""operation"": ""cell"", ""filters"": {""variable"": ""nasa_tmax_sen_slope"", ""representation"": ""STATION_LINKED""}, ""scope"": ""saved estimates; unweighted station summary, not national area mean""}"
weights_nasa_tmax_sen_slope_UNIQUE_GRID_n_configurations,weights,n_configurations,9,1,output/tables/common_period_spatial/common_period_spatial_robustness_summary.csv,[13],n_configurations,1991–2025,"{""operation"": ""cell"", ""filters"": {""variable"": ""nasa_tmax_sen_slope"", ""representation"": ""UNIQUE_GRID""}, ""scope"": ""saved estimates; unweighted station summary, not national area mean""}"
weights_nasa_tmax_sen_slope_UNIQUE_GRID_n_significant,weights,n_significant,9,1,output/tables/common_period_spatial/common_period_spatial_robustness_summary.csv,[13],n_significant,1991–2025,"{""operation"": ""cell"", ""filters"": {""variable"": ""nasa_tmax_sen_slope"", ""representation"": ""UNIQUE_GRID""}, ""scope"": ""saved estimates; unweighted station summary, not national area mean""}"
weights_nasa_tmax_sen_slope_UNIQUE_GRID_robustness_class,weights,robustness_class,"""ROBUST_POSITIVE""",1,output/tables/common_period_spatial/common_period_spatial_robustness_summary.csv,[13],robustness_class,1991–2025,"{""operation"": ""cell"", ""filters"": {""variable"": ""nasa_tmax_sen_slope"", ""representation"": ""UNIQUE_GRID""}, ""scope"": ""saved estimates; unweighted station summary, not national area mean""}"
weights_nasa_tmin_sen_slope_STATION_LINKED_n_configurations,weights,n_configurations,9,1,output/tables/common_period_spatial/common_period_spatial_robustness_summary.csv,[9],n_configurations,1991–2025,"{""operation"": ""cell"", ""filters"": {""variable"": ""nasa_tmin_sen_slope"", ""representation"": ""STATION_LINKED""}, ""scope"": ""saved estimates; unweighted station summary, not national area mean""}"
weights_nasa_tmin_sen_slope_STATION_LINKED_n_significant,weights,n_significant,9,1,output/tables/common_period_spatial/common_period_spatial_robustness_summary.csv,[9],n_significant,1991–2025,"{""operation"": ""cell"", ""filters"": {""variable"": ""nasa_tmin_sen_slope"", ""representation"": ""STATION_LINKED""}, ""scope"": ""saved estimates; unweighted station summary, not national area mean""}"
weights_nasa_tmin_sen_slope_STATION_LINKED_robustness_class,weights,robustness_class,"""ROBUST_POSITIVE""",1,output/tables/common_period_spatial/common_period_spatial_robustness_summary.csv,[9],robustness_class,1991–2025,"{""operation"": ""cell"", ""filters"": {""variable"": ""nasa_tmin_sen_slope"", ""representation"": ""STATION_LINKED""}, ""scope"": ""saved estimates; unweighted station summary, not national area mean""}"
weights_nasa_tmin_sen_slope_UNIQUE_GRID_n_configurations,weights,n_configurations,9,1,output/tables/common_period_spatial/common_period_spatial_robustness_summary.csv,[14],n_configurations,1991–2025,"{""operation"": ""cell"", ""filters"": {""variable"": ""nasa_tmin_sen_slope"", ""representation"": ""UNIQUE_GRID""}, ""scope"": ""saved estimates; unweighted station summary, not national area mean""}"
weights_nasa_tmin_sen_slope_UNIQUE_GRID_n_significant,weights,n_significant,9,1,output/tables/common_period_spatial/common_period_spatial_robustness_summary.csv,[14],n_significant,1991–2025,"{""operation"": ""cell"", ""filters"": {""variable"": ""nasa_tmin_sen_slope"", ""representation"": ""UNIQUE_GRID""}, ""scope"": ""saved estimates; unweighted station summary, not national area mean""}"
weights_nasa_tmin_sen_slope_UNIQUE_GRID_robustness_class,weights,robustness_class,"""ROBUST_POSITIVE""",1,output/tables/common_period_spatial/common_period_spatial_robustness_summary.csv,[14],robustness_class,1991–2025,"{""operation"": ""cell"", ""filters"": {""variable"": ""nasa_tmin_sen_slope"", ""representation"": ""UNIQUE_GRID""}, ""scope"": ""saved estimates; unweighted station summary, not national area mean""}"
weights_tavg_bias_STATION_LINKED_n_configurations,weights,n_configurations,9,1,output/tables/common_period_spatial/common_period_spatial_robustness_summary.csv,[17],n_configurations,1991–2025,"{""operation"": ""cell"", ""filters"": {""variable"": ""tavg_bias"", ""representation"": ""STATION_LINKED""}, ""scope"": ""saved estimates; unweighted station summary, not national area mean""}"
weights_tavg_bias_STATION_LINKED_n_significant,weights,n_significant,9,1,output/tables/common_period_spatial/common_period_spatial_robustness_summary.csv,[17],n_significant,1991–2025,"{""operation"": ""cell"", ""filters"": {""variable"": ""tavg_bias"", ""representation"": ""STATION_LINKED""}, ""scope"": ""saved estimates; unweighted station summary, not national area mean""}"
weights_tavg_bias_STATION_LINKED_robustness_class,weights,robustness_class,"""ROBUST_POSITIVE""",1,output/tables/common_period_spatial/common_period_spatial_robustness_summary.csv,[17],robustness_class,1991–2025,"{""operation"": ""cell"", ""filters"": {""variable"": ""tavg_bias"", ""representation"": ""STATION_LINKED""}, ""scope"": ""saved estimates; unweighted station summary, not national area mean""}"
weights_tavg_rmse_STATION_LINKED_n_configurations,weights,n_configurations,9,1,output/tables/common_period_spatial/common_period_spatial_robustness_summary.csv,[18],n_configurations,1991–2025,"{""operation"": ""cell"", ""filters"": {""variable"": ""tavg_rmse"", ""representation"": ""STATION_LINKED""}, ""scope"": ""saved estimates; unweighted station summary, not national area mean""}"
weights_tavg_rmse_STATION_LINKED_n_significant,weights,n_significant,9,1,output/tables/common_period_spatial/common_period_spatial_robustness_summary.csv,[18],n_significant,1991–2025,"{""operation"": ""cell"", ""filters"": {""variable"": ""tavg_rmse"", ""representation"": ""STATION_LINKED""}, ""scope"": ""saved estimates; unweighted station summary, not national area mean""}"
weights_tavg_rmse_STATION_LINKED_robustness_class,weights,robustness_class,"""ROBUST_POSITIVE""",1,output/tables/common_period_spatial/common_period_spatial_robustness_summary.csv,[18],robustness_class,1991–2025,"{""operation"": ""cell"", ""filters"": {""variable"": ""tavg_rmse"", ""representation"": ""STATION_LINKED""}, ""scope"": ""saved estimates; unweighted station summary, not national area mean""}"
weights_tmin_minus_tmax_STATION_LINKED_n_configurations,weights,n_configurations,9,1,output/tables/common_period_spatial/common_period_spatial_robustness_summary.csv,[5],n_configurations,1991–2025,"{""operation"": ""cell"", ""filters"": {""variable"": ""tmin_minus_tmax"", ""representation"": ""STATION_LINKED""}, ""scope"": ""saved estimates; unweighted station summary, not national area mean""}"
weights_tmin_minus_tmax_STATION_LINKED_n_significant,weights,n_significant,0,1,output/tables/common_period_spatial/common_period_spatial_robustness_summary.csv,[5],n_significant,1991–2025,"{""operation"": ""cell"", ""filters"": {""variable"": ""tmin_minus_tmax"", ""representation"": ""STATION_LINKED""}, ""scope"": ""saved estimates; unweighted station summary, not national area mean""}"
weights_tmin_minus_tmax_STATION_LINKED_robustness_class,weights,robustness_class,"""INCONSISTENT_DIRECTION""",1,output/tables/common_period_spatial/common_period_spatial_robustness_summary.csv,[5],robustness_class,1991–2025,"{""operation"": ""cell"", ""filters"": {""variable"": ""tmin_minus_tmax"", ""representation"": ""STATION_LINKED""}, ""scope"": ""saved estimates; unweighted station summary, not national area mean""}"
window_1981_KMA_TAVG_fdr_increasing_count,period,fdr_increasing_count,45,stations,output/tables/period_sensitivity/period_sensitivity_window_summary.csv,[0],fdr_increasing_count,1981–2025,"{""operation"": ""cell"", ""filters"": {""start_year"": 1981, ""source"": ""KMA"", ""metric"": ""TAVG""}, ""scope"": ""saved estimates; unweighted station summary, not national area mean""}"
window_1981_KMA_TAVG_median,period,median,0.3887871650643947,°C/decade,output/tables/period_sensitivity/period_sensitivity_window_summary.csv,[0],median,1981–2025,"{""operation"": ""cell"", ""filters"": {""start_year"": 1981, ""source"": ""KMA"", ""metric"": ""TAVG""}, ""scope"": ""saved estimates; unweighted station summary, not national area mean""}"
window_1981_KMA_TAVG_positive_count,period,positive_count,45,stations,output/tables/period_sensitivity/period_sensitivity_window_summary.csv,[0],positive_count,1981–2025,"{""operation"": ""cell"", ""filters"": {""start_year"": 1981, ""source"": ""KMA"", ""metric"": ""TAVG""}, ""scope"": ""saved estimates; unweighted station summary, not national area mean""}"
window_1981_KMA_TMAX_fdr_increasing_count,period,fdr_increasing_count,43,stations,output/tables/period_sensitivity/period_sensitivity_window_summary.csv,[1],fdr_increasing_count,1981–2025,"{""operation"": ""cell"", ""filters"": {""start_year"": 1981, ""source"": ""KMA"", ""metric"": ""TMAX""}, ""scope"": ""saved estimates; unweighted station summary, not national area mean""}"
window_1981_KMA_TMAX_median,period,median,0.3296093088985514,°C/decade,output/tables/period_sensitivity/period_sensitivity_window_summary.csv,[1],median,1981–2025,"{""operation"": ""cell"", ""filters"": {""start_year"": 1981, ""source"": ""KMA"", ""metric"": ""TMAX""}, ""scope"": ""saved estimates; unweighted station summary, not national area mean""}"
window_1981_KMA_TMAX_positive_count,period,positive_count,44,stations,output/tables/period_sensitivity/period_sensitivity_window_summary.csv,[1],positive_count,1981–2025,"{""operation"": ""cell"", ""filters"": {""start_year"": 1981, ""source"": ""KMA"", ""metric"": ""TMAX""}, ""scope"": ""saved estimates; unweighted station summary, not national area mean""}"
window_1981_KMA_TMIN_fdr_increasing_count,period,fdr_increasing_count,43,stations,output/tables/period_sensitivity/period_sensitivity_window_summary.csv,[2],fdr_increasing_count,1981–2025,"{""operation"": ""cell"", ""filters"": {""start_year"": 1981, ""source"": ""KMA"", ""metric"": ""TMIN""}, ""scope"": ""saved estimates; unweighted station summary, not national area mean""}"
window_1981_KMA_TMIN_median,period,median,0.4190663302090838,°C/decade,output/tables/period_sensitivity/period_sensitivity_window_summary.csv,[2],median,1981–2025,"{""operation"": ""cell"", ""filters"": {""start_year"": 1981, ""source"": ""KMA"", ""metric"": ""TMIN""}, ""scope"": ""saved estimates; unweighted station summary, not national area mean""}"
window_1981_KMA_TMIN_positive_count,period,positive_count,45,stations,output/tables/period_sensitivity/period_sensitivity_window_summary.csv,[2],positive_count,1981–2025,"{""operation"": ""cell"", ""filters"": {""start_year"": 1981, ""source"": ""KMA"", ""metric"": ""TMIN""}, ""scope"": ""saved estimates; unweighted station summary, not national area mean""}"
window_1981_NASA_TAVG_fdr_increasing_count,period,fdr_increasing_count,45,stations,output/tables/period_sensitivity/period_sensitivity_window_summary.csv,[3],fdr_increasing_count,1981–2025,"{""operation"": ""cell"", ""filters"": {""start_year"": 1981, ""source"": ""NASA"", ""metric"": ""TAVG""}, ""scope"": ""saved estimates; unweighted station summary, not national area mean""}"
window_1981_NASA_TAVG_median,period,median,0.3818297351128482,°C/decade,output/tables/period_sensitivity/period_sensitivity_window_summary.csv,[3],median,1981–2025,"{""operation"": ""cell"", ""filters"": {""start_year"": 1981, ""source"": ""NASA"", ""metric"": ""TAVG""}, ""scope"": ""saved estimates; unweighted station summary, not national area mean""}"
window_1981_NASA_TAVG_positive_count,period,positive_count,45,stations,output/tables/period_sensitivity/period_sensitivity_window_summary.csv,[3],positive_count,1981–2025,"{""operation"": ""cell"", ""filters"": {""start_year"": 1981, ""source"": ""NASA"", ""metric"": ""TAVG""}, ""scope"": ""saved estimates; unweighted station summary, not national area mean""}"
window_1981_NASA_TMAX_fdr_increasing_count,period,fdr_increasing_count,45,stations,output/tables/period_sensitivity/period_sensitivity_window_summary.csv,[4],fdr_increasing_count,1981–2025,"{""operation"": ""cell"", ""filters"": {""start_year"": 1981, ""source"": ""NASA"", ""metric"": ""TMAX""}, ""scope"": ""saved estimates; unweighted station summary, not national area mean""}"
window_1981_NASA_TMAX_median,period,median,0.3934247212851524,°C/decade,output/tables/period_sensitivity/period_sensitivity_window_summary.csv,[4],median,1981–2025,"{""operation"": ""cell"", ""filters"": {""start_year"": 1981, ""source"": ""NASA"", ""metric"": ""TMAX""}, ""scope"": ""saved estimates; unweighted station summary, not national area mean""}"
window_1981_NASA_TMAX_positive_count,period,positive_count,45,stations,output/tables/period_sensitivity/period_sensitivity_window_summary.csv,[4],positive_count,1981–2025,"{""operation"": ""cell"", ""filters"": {""start_year"": 1981, ""source"": ""NASA"", ""metric"": ""TMAX""}, ""scope"": ""saved estimates; unweighted station summary, not national area mean""}"
window_1981_NASA_TMIN_fdr_increasing_count,period,fdr_increasing_count,45,stations,output/tables/period_sensitivity/period_sensitivity_window_summary.csv,[5],fdr_increasing_count,1981–2025,"{""operation"": ""cell"", ""filters"": {""start_year"": 1981, ""source"": ""NASA"", ""metric"": ""TMIN""}, ""scope"": ""saved estimates; unweighted station summary, not national area mean""}"
window_1981_NASA_TMIN_median,period,median,0.3756482387475543,°C/decade,output/tables/period_sensitivity/period_sensitivity_window_summary.csv,[5],median,1981–2025,"{""operation"": ""cell"", ""filters"": {""start_year"": 1981, ""source"": ""NASA"", ""metric"": ""TMIN""}, ""scope"": ""saved estimates; unweighted station summary, not national area mean""}"
window_1981_NASA_TMIN_positive_count,period,positive_count,45,stations,output/tables/period_sensitivity/period_sensitivity_window_summary.csv,[5],positive_count,1981–2025,"{""operation"": ""cell"", ""filters"": {""start_year"": 1981, ""source"": ""NASA"", ""metric"": ""TMIN""}, ""scope"": ""saved estimates; unweighted station summary, not national area mean""}"
window_1986_KMA_TAVG_fdr_increasing_count,period,fdr_increasing_count,45,stations,output/tables/period_sensitivity/period_sensitivity_window_summary.csv,[6],fdr_increasing_count,1986–2025,"{""operation"": ""cell"", ""filters"": {""start_year"": 1986, ""source"": ""KMA"", ""metric"": ""TAVG""}, ""scope"": ""saved estimates; unweighted station summary, not national area mean""}"
window_1986_KMA_TAVG_median,period,median,0.3906130862924035,°C/decade,output/tables/period_sensitivity/period_sensitivity_window_summary.csv,[6],median,1986–2025,"{""operation"": ""cell"", ""filters"": {""start_year"": 1986, ""source"": ""KMA"", ""metric"": ""TAVG""}, ""scope"": ""saved estimates; unweighted station summary, not national area mean""}"
window_1986_KMA_TAVG_positive_count,period,positive_count,45,stations,output/tables/period_sensitivity/period_sensitivity_window_summary.csv,[6],positive_count,1986–2025,"{""operation"": ""cell"", ""filters"": {""start_year"": 1986, ""source"": ""KMA"", ""metric"": ""TAVG""}, ""scope"": ""saved estimates; unweighted station summary, not national area mean""}"
window_1986_KMA_TMAX_fdr_increasing_count,period,fdr_increasing_count,42,stations,output/tables/period_sensitivity/period_sensitivity_window_summary.csv,[7],fdr_increasing_count,1986–2025,"{""operation"": ""cell"", ""filters"": {""start_year"": 1986, ""source"": ""KMA"", ""metric"": ""TMAX""}, ""scope"": ""saved estimates; unweighted station summary, not national area mean""}"
window_1986_KMA_TMAX_median,period,median,0.3328513444951802,°C/decade,output/tables/period_sensitivity/period_sensitivity_window_summary.csv,[7],median,1986–2025,"{""operation"": ""cell"", ""filters"": {""start_year"": 1986, ""source"": ""KMA"", ""metric"": ""TMAX""}, ""scope"": ""saved estimates; unweighted station summary, not national area mean""}"
window_1986_KMA_TMAX_positive_count,period,positive_count,44,stations,output/tables/period_sensitivity/period_sensitivity_window_summary.csv,[7],positive_count,1986–2025,"{""operation"": ""cell"", ""filters"": {""start_year"": 1986, ""source"": ""KMA"", ""metric"": ""TMAX""}, ""scope"": ""saved estimates; unweighted station summary, not national area mean""}"
window_1986_KMA_TMIN_fdr_increasing_count,period,fdr_increasing_count,43,stations,output/tables/period_sensitivity/period_sensitivity_window_summary.csv,[8],fdr_increasing_count,1986–2025,"{""operation"": ""cell"", ""filters"": {""start_year"": 1986, ""source"": ""KMA"", ""metric"": ""TMIN""}, ""scope"": ""saved estimates; unweighted station summary, not national area mean""}"
window_1986_KMA_TMIN_median,period,median,0.428898077083967,°C/decade,output/tables/period_sensitivity/period_sensitivity_window_summary.csv,[8],median,1986–2025,"{""operation"": ""cell"", ""filters"": {""start_year"": 1986, ""source"": ""KMA"", ""metric"": ""TMIN""}, ""scope"": ""saved estimates; unweighted station summary, not national area mean""}"
window_1986_KMA_TMIN_positive_count,period,positive_count,45,stations,output/tables/period_sensitivity/period_sensitivity_window_summary.csv,[8],positive_count,1986–2025,"{""operation"": ""cell"", ""filters"": {""start_year"": 1986, ""source"": ""KMA"", ""metric"": ""TMIN""}, ""scope"": ""saved estimates; unweighted station summary, not national area mean""}"
window_1986_NASA_TAVG_fdr_increasing_count,period,fdr_increasing_count,45,stations,output/tables/period_sensitivity/period_sensitivity_window_summary.csv,[9],fdr_increasing_count,1986–2025,"{""operation"": ""cell"", ""filters"": {""start_year"": 1986, ""source"": ""NASA"", ""metric"": ""TAVG""}, ""scope"": ""saved estimates; unweighted station summary, not national area mean""}"
window_1986_NASA_TAVG_median,period,median,0.4042522419342746,°C/decade,output/tables/period_sensitivity/period_sensitivity_window_summary.csv,[9],median,1986–2025,"{""operation"": ""cell"", ""filters"": {""start_year"": 1986, ""source"": ""NASA"", ""metric"": ""TAVG""}, ""scope"": ""saved estimates; unweighted station summary, not national area mean""}"
window_1986_NASA_TAVG_positive_count,period,positive_count,45,stations,output/tables/period_sensitivity/period_sensitivity_window_summary.csv,[9],positive_count,1986–2025,"{""operation"": ""cell"", ""filters"": {""start_year"": 1986, ""source"": ""NASA"", ""metric"": ""TAVG""}, ""scope"": ""saved estimates; unweighted station summary, not national area mean""}"
window_1986_NASA_TMAX_fdr_increasing_count,period,fdr_increasing_count,45,stations,output/tables/period_sensitivity/period_sensitivity_window_summary.csv,[10],fdr_increasing_count,1986–2025,"{""operation"": ""cell"", ""filters"": {""start_year"": 1986, ""source"": ""NASA"", ""metric"": ""TMAX""}, ""scope"": ""saved estimates; unweighted station summary, not national area mean""}"
window_1986_NASA_TMAX_median,period,median,0.4104164233849823,°C/decade,output/tables/period_sensitivity/period_sensitivity_window_summary.csv,[10],median,1986–2025,"{""operation"": ""cell"", ""filters"": {""start_year"": 1986, ""source"": ""NASA"", ""metric"": ""TMAX""}, ""scope"": ""saved estimates; unweighted station summary, not national area mean""}"
window_1986_NASA_TMAX_positive_count,period,positive_count,45,stations,output/tables/period_sensitivity/period_sensitivity_window_summary.csv,[10],positive_count,1986–2025,"{""operation"": ""cell"", ""filters"": {""start_year"": 1986, ""source"": ""NASA"", ""metric"": ""TMAX""}, ""scope"": ""saved estimates; unweighted station summary, not national area mean""}"
window_1986_NASA_TMIN_fdr_increasing_count,period,fdr_increasing_count,45,stations,output/tables/period_sensitivity/period_sensitivity_window_summary.csv,[11],fdr_increasing_count,1986–2025,"{""operation"": ""cell"", ""filters"": {""start_year"": 1986, ""source"": ""NASA"", ""metric"": ""TMIN""}, ""scope"": ""saved estimates; unweighted station summary, not national area mean""}"
window_1986_NASA_TMIN_median,period,median,0.38218525766471,°C/decade,output/tables/period_sensitivity/period_sensitivity_window_summary.csv,[11],median,1986–2025,"{""operation"": ""cell"", ""filters"": {""start_year"": 1986, ""source"": ""NASA"", ""metric"": ""TMIN""}, ""scope"": ""saved estimates; unweighted station summary, not national area mean""}"
window_1986_NASA_TMIN_positive_count,period,positive_count,45,stations,output/tables/period_sensitivity/period_sensitivity_window_summary.csv,[11],positive_count,1986–2025,"{""operation"": ""cell"", ""filters"": {""start_year"": 1986, ""source"": ""NASA"", ""metric"": ""TMIN""}, ""scope"": ""saved estimates; unweighted station summary, not national area mean""}"
window_1991_KMA_TAVG_fdr_increasing_count,period,fdr_increasing_count,45,stations,output/tables/period_sensitivity/period_sensitivity_window_summary.csv,[12],fdr_increasing_count,1991–2025,"{""operation"": ""cell"", ""filters"": {""start_year"": 1991, ""source"": ""KMA"", ""metric"": ""TAVG""}, ""scope"": ""saved estimates; unweighted station summary, not national area mean""}"
window_1991_KMA_TAVG_median,period,median,0.4508361404296733,°C/decade,output/tables/period_sensitivity/period_sensitivity_window_summary.csv,[12],median,1991–2025,"{""operation"": ""cell"", ""filters"": {""start_year"": 1991, ""source"": ""KMA"", ""metric"": ""TAVG""}, ""scope"": ""saved estimates; unweighted station summary, not national area mean""}"
window_1991_KMA_TAVG_positive_count,period,positive_count,45,stations,output/tables/period_sensitivity/period_sensitivity_window_summary.csv,[12],positive_count,1991–2025,"{""operation"": ""cell"", ""filters"": {""start_year"": 1991, ""source"": ""KMA"", ""metric"": ""TAVG""}, ""scope"": ""saved estimates; unweighted station summary, not national area mean""}"
window_1991_KMA_TMAX_fdr_increasing_count,period,fdr_increasing_count,41,stations,output/tables/period_sensitivity/period_sensitivity_window_summary.csv,[13],fdr_increasing_count,1991–2025,"{""operation"": ""cell"", ""filters"": {""start_year"": 1991, ""source"": ""KMA"", ""metric"": ""TMAX""}, ""scope"": ""saved estimates; unweighted station summary, not national area mean""}"
window_1991_KMA_TMAX_median,period,median,0.3649248633879809,°C/decade,output/tables/period_sensitivity/period_sensitivity_window_summary.csv,[13],median,1991–2025,"{""operation"": ""cell"", ""filters"": {""start_year"": 1991, ""source"": ""KMA"", ""metric"": ""TMAX""}, ""scope"": ""saved estimates; unweighted station summary, not national area mean""}"
window_1991_KMA_TMAX_positive_count,period,positive_count,44,stations,output/tables/period_sensitivity/period_sensitivity_window_summary.csv,[13],positive_count,1991–2025,"{""operation"": ""cell"", ""filters"": {""start_year"": 1991, ""source"": ""KMA"", ""metric"": ""TMAX""}, ""scope"": ""saved estimates; unweighted station summary, not national area mean""}"
window_1991_KMA_TMIN_fdr_increasing_count,period,fdr_increasing_count,43,stations,output/tables/period_sensitivity/period_sensitivity_window_summary.csv,[14],fdr_increasing_count,1991–2025,"{""operation"": ""cell"", ""filters"": {""start_year"": 1991, ""source"": ""KMA"", ""metric"": ""TMIN""}, ""scope"": ""saved estimates; unweighted station summary, not national area mean""}"
window_1991_KMA_TMIN_median,period,median,0.511885245901639,°C/decade,output/tables/period_sensitivity/period_sensitivity_window_summary.csv,[14],median,1991–2025,"{""operation"": ""cell"", ""filters"": {""start_year"": 1991, ""source"": ""KMA"", ""metric"": ""TMIN""}, ""scope"": ""saved estimates; unweighted station summary, not national area mean""}"
window_1991_KMA_TMIN_positive_count,period,positive_count,45,stations,output/tables/period_sensitivity/period_sensitivity_window_summary.csv,[14],positive_count,1991–2025,"{""operation"": ""cell"", ""filters"": {""start_year"": 1991, ""source"": ""KMA"", ""metric"": ""TMIN""}, ""scope"": ""saved estimates; unweighted station summary, not national area mean""}"
window_1991_NASA_TAVG_fdr_increasing_count,period,fdr_increasing_count,45,stations,output/tables/period_sensitivity/period_sensitivity_window_summary.csv,[15],fdr_increasing_count,1991–2025,"{""operation"": ""cell"", ""filters"": {""start_year"": 1991, ""source"": ""NASA"", ""metric"": ""TAVG""}, ""scope"": ""saved estimates; unweighted station summary, not national area mean""}"
window_1991_NASA_TAVG_median,period,median,0.4606027397260277,°C/decade,output/tables/period_sensitivity/period_sensitivity_window_summary.csv,[15],median,1991–2025,"{""operation"": ""cell"", ""filters"": {""start_year"": 1991, ""source"": ""NASA"", ""metric"": ""TAVG""}, ""scope"": ""saved estimates; unweighted station summary, not national area mean""}"
window_1991_NASA_TAVG_positive_count,period,positive_count,45,stations,output/tables/period_sensitivity/period_sensitivity_window_summary.csv,[15],positive_count,1991–2025,"{""operation"": ""cell"", ""filters"": {""start_year"": 1991, ""source"": ""NASA"", ""metric"": ""TAVG""}, ""scope"": ""saved estimates; unweighted station summary, not national area mean""}"
window_1991_NASA_TMAX_fdr_increasing_count,period,fdr_increasing_count,45,stations,output/tables/period_sensitivity/period_sensitivity_window_summary.csv,[16],fdr_increasing_count,1991–2025,"{""operation"": ""cell"", ""filters"": {""start_year"": 1991, ""source"": ""NASA"", ""metric"": ""TMAX""}, ""scope"": ""saved estimates; unweighted station summary, not national area mean""}"
window_1991_NASA_TMAX_median,period,median,0.5012004685098838,°C/decade,output/tables/period_sensitivity/period_sensitivity_window_summary.csv,[16],median,1991–2025,"{""operation"": ""cell"", ""filters"": {""start_year"": 1991, ""source"": ""NASA"", ""metric"": ""TMAX""}, ""scope"": ""saved estimates; unweighted station summary, not national area mean""}"
window_1991_NASA_TMAX_positive_count,period,positive_count,45,stations,output/tables/period_sensitivity/period_sensitivity_window_summary.csv,[16],positive_count,1991–2025,"{""operation"": ""cell"", ""filters"": {""start_year"": 1991, ""source"": ""NASA"", ""metric"": ""TMAX""}, ""scope"": ""saved estimates; unweighted station summary, not national area mean""}"
window_1991_NASA_TMIN_fdr_increasing_count,period,fdr_increasing_count,45,stations,output/tables/period_sensitivity/period_sensitivity_window_summary.csv,[17],fdr_increasing_count,1991–2025,"{""operation"": ""cell"", ""filters"": {""start_year"": 1991, ""source"": ""NASA"", ""metric"": ""TMIN""}, ""scope"": ""saved estimates; unweighted station summary, not national area mean""}"
window_1991_NASA_TMIN_median,period,median,0.4351883561643827,°C/decade,output/tables/period_sensitivity/period_sensitivity_window_summary.csv,[17],median,1991–2025,"{""operation"": ""cell"", ""filters"": {""start_year"": 1991, ""source"": ""NASA"", ""metric"": ""TMIN""}, ""scope"": ""saved estimates; unweighted station summary, not national area mean""}"
window_1991_NASA_TMIN_positive_count,period,positive_count,45,stations,output/tables/period_sensitivity/period_sensitivity_window_summary.csv,[17],positive_count,1991–2025,"{""operation"": ""cell"", ""filters"": {""start_year"": 1991, ""source"": ""NASA"", ""metric"": ""TMIN""}, ""scope"": ""saved estimates; unweighted station summary, not national area mean""}"
window_1996_KMA_TAVG_fdr_increasing_count,period,fdr_increasing_count,43,stations,output/tables/period_sensitivity/period_sensitivity_window_summary.csv,[18],fdr_increasing_count,1996–2025,"{""operation"": ""cell"", ""filters"": {""start_year"": 1996, ""source"": ""KMA"", ""metric"": ""TAVG""}, ""scope"": ""saved estimates; unweighted station summary, not national area mean""}"
window_1996_KMA_TAVG_median,period,median,0.4857218275871582,°C/decade,output/tables/period_sensitivity/period_sensitivity_window_summary.csv,[18],median,1996–2025,"{""operation"": ""cell"", ""filters"": {""start_year"": 1996, ""source"": ""KMA"", ""metric"": ""TAVG""}, ""scope"": ""saved estimates; unweighted station summary, not national area mean""}"
window_1996_KMA_TAVG_positive_count,period,positive_count,45,stations,output/tables/period_sensitivity/period_sensitivity_window_summary.csv,[18],positive_count,1996–2025,"{""operation"": ""cell"", ""filters"": {""start_year"": 1996, ""source"": ""KMA"", ""metric"": ""TAVG""}, ""scope"": ""saved estimates; unweighted station summary, not national area mean""}"
window_1996_KMA_TMAX_fdr_increasing_count,period,fdr_increasing_count,37,stations,output/tables/period_sensitivity/period_sensitivity_window_summary.csv,[19],fdr_increasing_count,1996–2025,"{""operation"": ""cell"", ""filters"": {""start_year"": 1996, ""source"": ""KMA"", ""metric"": ""TMAX""}, ""scope"": ""saved estimates; unweighted station summary, not national area mean""}"
window_1996_KMA_TMAX_median,period,median,0.368949771689504,°C/decade,output/tables/period_sensitivity/period_sensitivity_window_summary.csv,[19],median,1996–2025,"{""operation"": ""cell"", ""filters"": {""start_year"": 1996, ""source"": ""KMA"", ""metric"": ""TMAX""}, ""scope"": ""saved estimates; unweighted station summary, not national area mean""}"
window_1996_KMA_TMAX_positive_count,period,positive_count,44,stations,output/tables/period_sensitivity/period_sensitivity_window_summary.csv,[19],positive_count,1996–2025,"{""operation"": ""cell"", ""filters"": {""start_year"": 1996, ""source"": ""KMA"", ""metric"": ""TMAX""}, ""scope"": ""saved estimates; unweighted station summary, not national area mean""}"
window_1996_KMA_TMIN_fdr_increasing_count,period,fdr_increasing_count,44,stations,output/tables/period_sensitivity/period_sensitivity_window_summary.csv,[20],fdr_increasing_count,1996–2025,"{""operation"": ""cell"", ""filters"": {""start_year"": 1996, ""source"": ""KMA"", ""metric"": ""TMIN""}, ""scope"": ""saved estimates; unweighted station summary, not national area mean""}"
window_1996_KMA_TMIN_median,period,median,0.5300331861167245,°C/decade,output/tables/period_sensitivity/period_sensitivity_window_summary.csv,[20],median,1996–2025,"{""operation"": ""cell"", ""filters"": {""start_year"": 1996, ""source"": ""KMA"", ""metric"": ""TMIN""}, ""scope"": ""saved estimates; unweighted station summary, not national area mean""}"
window_1996_KMA_TMIN_positive_count,period,positive_count,45,stations,output/tables/period_sensitivity/period_sensitivity_window_summary.csv,[20],positive_count,1996–2025,"{""operation"": ""cell"", ""filters"": {""start_year"": 1996, ""source"": ""KMA"", ""metric"": ""TMIN""}, ""scope"": ""saved estimates; unweighted station summary, not national area mean""}"
window_1996_NASA_TAVG_fdr_increasing_count,period,fdr_increasing_count,42,stations,output/tables/period_sensitivity/period_sensitivity_window_summary.csv,[21],fdr_increasing_count,1996–2025,"{""operation"": ""cell"", ""filters"": {""start_year"": 1996, ""source"": ""NASA"", ""metric"": ""TAVG""}, ""scope"": ""saved estimates; unweighted station summary, not national area mean""}"
window_1996_NASA_TAVG_median,period,median,0.5004376348256883,°C/decade,output/tables/period_sensitivity/period_sensitivity_window_summary.csv,[21],median,1996–2025,"{""operation"": ""cell"", ""filters"": {""start_year"": 1996, ""source"": ""NASA"", ""metric"": ""TAVG""}, ""scope"": ""saved estimates; unweighted station summary, not national area mean""}"
window_1996_NASA_TAVG_positive_count,period,positive_count,45,stations,output/tables/period_sensitivity/period_sensitivity_window_summary.csv,[21],positive_count,1996–2025,"{""operation"": ""cell"", ""filters"": {""start_year"": 1996, ""source"": ""NASA"", ""metric"": ""TAVG""}, ""scope"": ""saved estimates; unweighted station summary, not national area mean""}"
window_1996_NASA_TMAX_fdr_increasing_count,period,fdr_increasing_count,45,stations,output/tables/period_sensitivity/period_sensitivity_window_summary.csv,[22],fdr_increasing_count,1996–2025,"{""operation"": ""cell"", ""filters"": {""start_year"": 1996, ""source"": ""NASA"", ""metric"": ""TMAX""}, ""scope"": ""saved estimates; unweighted station summary, not national area mean""}"
window_1996_NASA_TMAX_median,period,median,0.538317025440312,°C/decade,output/tables/period_sensitivity/period_sensitivity_window_summary.csv,[22],median,1996–2025,"{""operation"": ""cell"", ""filters"": {""start_year"": 1996, ""source"": ""NASA"", ""metric"": ""TMAX""}, ""scope"": ""saved estimates; unweighted station summary, not national area mean""}"
window_1996_NASA_TMAX_positive_count,period,positive_count,45,stations,output/tables/period_sensitivity/period_sensitivity_window_summary.csv,[22],positive_count,1996–2025,"{""operation"": ""cell"", ""filters"": {""start_year"": 1996, ""source"": ""NASA"", ""metric"": ""TMAX""}, ""scope"": ""saved estimates; unweighted station summary, not national area mean""}"
window_1996_NASA_TMIN_fdr_increasing_count,period,fdr_increasing_count,39,stations,output/tables/period_sensitivity/period_sensitivity_window_summary.csv,[23],fdr_increasing_count,1996–2025,"{""operation"": ""cell"", ""filters"": {""start_year"": 1996, ""source"": ""NASA"", ""metric"": ""TMIN""}, ""scope"": ""saved estimates; unweighted station summary, not national area mean""}"
window_1996_NASA_TMIN_median,period,median,0.4723357714970122,°C/decade,output/tables/period_sensitivity/period_sensitivity_window_summary.csv,[23],median,1996–2025,"{""operation"": ""cell"", ""filters"": {""start_year"": 1996, ""source"": ""NASA"", ""metric"": ""TMIN""}, ""scope"": ""saved estimates; unweighted station summary, not national area mean""}"
window_1996_NASA_TMIN_positive_count,period,positive_count,45,stations,output/tables/period_sensitivity/period_sensitivity_window_summary.csv,[23],positive_count,1996–2025,"{""operation"": ""cell"", ""filters"": {""start_year"": 1996, ""source"": ""NASA"", ""metric"": ""TMIN""}, ""scope"": ""saved estimates; unweighted station summary, not national area mean""}"
window_2001_KMA_TAVG_fdr_increasing_count,period,fdr_increasing_count,43,stations,output/tables/period_sensitivity/period_sensitivity_window_summary.csv,[24],fdr_increasing_count,2001–2025,"{""operation"": ""cell"", ""filters"": {""start_year"": 2001, ""source"": ""KMA"", ""metric"": ""TAVG""}, ""scope"": ""saved estimates; unweighted station summary, not national area mean""}"
window_2001_KMA_TAVG_median,period,median,0.5657783766249969,°C/decade,output/tables/period_sensitivity/period_sensitivity_window_summary.csv,[24],median,2001–2025,"{""operation"": ""cell"", ""filters"": {""start_year"": 2001, ""source"": ""KMA"", ""metric"": ""TAVG""}, ""scope"": ""saved estimates; unweighted station summary, not national area mean""}"
window_2001_KMA_TAVG_positive_count,period,positive_count,45,stations,output/tables/period_sensitivity/period_sensitivity_window_summary.csv,[24],positive_count,2001–2025,"{""operation"": ""cell"", ""filters"": {""start_year"": 2001, ""source"": ""KMA"", ""metric"": ""TAVG""}, ""scope"": ""saved estimates; unweighted station summary, not national area mean""}"
window_2001_KMA_TMAX_fdr_increasing_count,period,fdr_increasing_count,40,stations,output/tables/period_sensitivity/period_sensitivity_window_summary.csv,[25],fdr_increasing_count,2001–2025,"{""operation"": ""cell"", ""filters"": {""start_year"": 2001, ""source"": ""KMA"", ""metric"": ""TMAX""}, ""scope"": ""saved estimates; unweighted station summary, not national area mean""}"
window_2001_KMA_TMAX_median,period,median,0.5366070314644285,°C/decade,output/tables/period_sensitivity/period_sensitivity_window_summary.csv,[25],median,2001–2025,"{""operation"": ""cell"", ""filters"": {""start_year"": 2001, ""source"": ""KMA"", ""metric"": ""TMAX""}, ""scope"": ""saved estimates; unweighted station summary, not national area mean""}"
window_2001_KMA_TMAX_positive_count,period,positive_count,43,stations,output/tables/period_sensitivity/period_sensitivity_window_summary.csv,[25],positive_count,2001–2025,"{""operation"": ""cell"", ""filters"": {""start_year"": 2001, ""source"": ""KMA"", ""metric"": ""TMAX""}, ""scope"": ""saved estimates; unweighted station summary, not national area mean""}"
window_2001_KMA_TMIN_fdr_increasing_count,period,fdr_increasing_count,43,stations,output/tables/period_sensitivity/period_sensitivity_window_summary.csv,[26],fdr_increasing_count,2001–2025,"{""operation"": ""cell"", ""filters"": {""start_year"": 2001, ""source"": ""KMA"", ""metric"": ""TMIN""}, ""scope"": ""saved estimates; unweighted station summary, not national area mean""}"
window_2001_KMA_TMIN_median,period,median,0.5865662116908477,°C/decade,output/tables/period_sensitivity/period_sensitivity_window_summary.csv,[26],median,2001–2025,"{""operation"": ""cell"", ""filters"": {""start_year"": 2001, ""source"": ""KMA"", ""metric"": ""TMIN""}, ""scope"": ""saved estimates; unweighted station summary, not national area mean""}"
window_2001_KMA_TMIN_positive_count,period,positive_count,45,stations,output/tables/period_sensitivity/period_sensitivity_window_summary.csv,[26],positive_count,2001–2025,"{""operation"": ""cell"", ""filters"": {""start_year"": 2001, ""source"": ""KMA"", ""metric"": ""TMIN""}, ""scope"": ""saved estimates; unweighted station summary, not national area mean""}"
window_2001_NASA_TAVG_fdr_increasing_count,period,fdr_increasing_count,45,stations,output/tables/period_sensitivity/period_sensitivity_window_summary.csv,[27],fdr_increasing_count,2001–2025,"{""operation"": ""cell"", ""filters"": {""start_year"": 2001, ""source"": ""NASA"", ""metric"": ""TAVG""}, ""scope"": ""saved estimates; unweighted station summary, not national area mean""}"
window_2001_NASA_TAVG_median,period,median,0.6113784246575331,°C/decade,output/tables/period_sensitivity/period_sensitivity_window_summary.csv,[27],median,2001–2025,"{""operation"": ""cell"", ""filters"": {""start_year"": 2001, ""source"": ""NASA"", ""metric"": ""TAVG""}, ""scope"": ""saved estimates; unweighted station summary, not national area mean""}"
window_2001_NASA_TAVG_positive_count,period,positive_count,45,stations,output/tables/period_sensitivity/period_sensitivity_window_summary.csv,[27],positive_count,2001–2025,"{""operation"": ""cell"", ""filters"": {""start_year"": 2001, ""source"": ""NASA"", ""metric"": ""TAVG""}, ""scope"": ""saved estimates; unweighted station summary, not national area mean""}"
window_2001_NASA_TMAX_fdr_increasing_count,period,fdr_increasing_count,45,stations,output/tables/period_sensitivity/period_sensitivity_window_summary.csv,[28],fdr_increasing_count,2001–2025,"{""operation"": ""cell"", ""filters"": {""start_year"": 2001, ""source"": ""NASA"", ""metric"": ""TMAX""}, ""scope"": ""saved estimates; unweighted station summary, not national area mean""}"
window_2001_NASA_TMAX_median,period,median,0.6680193236715006,°C/decade,output/tables/period_sensitivity/period_sensitivity_window_summary.csv,[28],median,2001–2025,"{""operation"": ""cell"", ""filters"": {""start_year"": 2001, ""source"": ""NASA"", ""metric"": ""TMAX""}, ""scope"": ""saved estimates; unweighted station summary, not national area mean""}"
window_2001_NASA_TMAX_positive_count,period,positive_count,45,stations,output/tables/period_sensitivity/period_sensitivity_window_summary.csv,[28],positive_count,2001–2025,"{""operation"": ""cell"", ""filters"": {""start_year"": 2001, ""source"": ""NASA"", ""metric"": ""TMAX""}, ""scope"": ""saved estimates; unweighted station summary, not national area mean""}"
window_2001_NASA_TMIN_fdr_increasing_count,period,fdr_increasing_count,40,stations,output/tables/period_sensitivity/period_sensitivity_window_summary.csv,[29],fdr_increasing_count,2001–2025,"{""operation"": ""cell"", ""filters"": {""start_year"": 2001, ""source"": ""NASA"", ""metric"": ""TMIN""}, ""scope"": ""saved estimates; unweighted station summary, not national area mean""}"
window_2001_NASA_TMIN_median,period,median,0.5548481238832639,°C/decade,output/tables/period_sensitivity/period_sensitivity_window_summary.csv,[29],median,2001–2025,"{""operation"": ""cell"", ""filters"": {""start_year"": 2001, ""source"": ""NASA"", ""metric"": ""TMIN""}, ""scope"": ""saved estimates; unweighted station summary, not national area mean""}"
window_2001_NASA_TMIN_positive_count,period,positive_count,45,stations,output/tables/period_sensitivity/period_sensitivity_window_summary.csv,[29],positive_count,2001–2025,"{""operation"": ""cell"", ""filters"": {""start_year"": 2001, ""source"": ""NASA"", ""metric"": ""TMIN""}, ""scope"": ""saved estimates; unweighted station summary, not national area mean""}"
windows,scale,windows,"[{""window_id"": ""START_1981"", ""start_year"": 1981, ""end_year"": 2025, ""start_date"": ""1981-01-01"", ""end_date"": ""2025-12-31"", ""window_years"": 45, ""n_years"": 45, ""expected_days"": 16436}, {""window_id"": ""START_1986"", ""start_year"": 1986, ""end_year"": 2025, ""start_date"": ""1986-01-01"", ""end_date"": ""2025-12-31"", ""window_years"": 40, ""n_years"": 40, ""expected_days"": 14610}, {""window_id"": ""START_1991"", ""start_year"": 1991, ""end_year"": 2025, ""start_date"": ""1991-01-01"", ""end_date"": ""2025-12-31"", ""window_years"": 35, ""n_years"": 35, ""expected_days"": 12784}, {""window_id"": ""START_1996"", ""start_year"": 1996, ""end_year"": 2025, ""start_date"": ""1996-01-01"", ""end_date"": ""2025-12-31"", ""window_years"": 30, ""n_years"": 30, ""expected_days"": 10958}, {""window_id"": ""START_2001"", ""start_year"": 2001, ""end_year"": 2025, ""start_date"": ""2001-01-01"", ""end_date"": ""2025-12-31"", ""window_years"": 25, ""n_years"": 25, ""expected_days"": 9131}]",1,output/manifests/period_sensitivity_manifest.json,windows,windows,metadata,"{""operation"": ""json_key""}"
